VARIABLES = "t_hat"
  "Max_u"
  "Max_p"
  "Max_Mach"
  "Max_omega_z"
  "Min_omega_z"
  "Max_nu_t"
  "delta_omega_0"
  "delta_theta_0"
  "Min_p"
  "Max_dudy"
  "Max_uv"
  "Max_TKE"
  "Int_TKE"
  "Int_Pk"
  "Int_duidxjtauij"
  "Int_dTKEdt"
  "Min_Q"
  "Max_Q"
  "Int_rhoE"
  "Int_KE1"
ZONE T="Vortex_DNS_Statistics_OpenSBLI"
I=301
2.0000000000000001e-04 4.9999999999999895e-01 1.0025856268398783e+00 9.9999999999999548e-02 1.0539252089752661e+02 -4.2919810957020622e-14 3.1745250531424484e-03 1.0000000000000000e+00 1.0000000000000000e+00 9.9845435300737173e-01 1.0029659947954570e+02 -3.3418148080454277e-03 1.2493615842686271e-02 4.2487508981337730e-05 1.1488295139440878e-02 4.3325912128147390e-02 -1.5914225863398036e-04 -2.4136817915251127e+03 2.6355522428497870e+03 1.5652961513109756e+02 4.3585618626984163e-01
2.0000000000000000e-02 5.2003751168736156e-01 1.0081040507581132e+00 1.0396645785775926e-01 1.1519962629518199e+02 -4.6768002619421876e-03 3.3968516536387132e-03 1.0258543502228763e+00 1.0129172280062342e+00 9.9649799306135334e-01 1.0578073548488030e+02 -6.4521991936151522e-03 9.4552168678299787e-03 5.2035726214859290e-05 1.7256699123998595e-01 4.6915150071346765e-02 1.0122507867136442e-01 -2.0641344230162381e+03 1.3441591053806262e+03 1.5652955607801815e+02 4.3583078997656793e-01
4.0000000000000001e-02 5.2725570891226992e-01 1.0074133320215006e+00 1.0541477054437196e-01 9.4070925939637064e+01 -2.8689956505214831e-03 9.4218429714548773e-05 1.0790574946343807e+00 1.0367733569867172e+00 9.9685219724045482e-01 9.0045473381911989e+01 -5.0784404141301894e-03 1.3698795188438435e-02 8.2572640135198058e-05 2.0036534059843017e-01 5.5843552730385403e-02 1.6938373577207141e-01 -6.8064812372202391e+02 8.8406054814656602e+02 1.5652956167630498e+02 4.3581947453247083e-01
5.9999999999999998e-02 5.2457554761436143e-01 1.0069179343453318e+00 1.0487504752222573e-01 8.2047897978000989e+01 -1.7802567551188368e-03 7.3160928908838071e-05 1.1214272934589085e+00 1.0677096653418936e+00 9.9694316092761504e-01 8.0895586045528134e+01 -5.3146490286231519e-03 1.5412330089009491e-02 1.1805315550217295e-04 2.5075471419022977e-01 6.5336927156720612e-02 2.0065956402507418e-01 -4.0156060936587005e+02 5.6672797249565883e+02 1.5652958416491757e+02 4.3580579665915098e-01
8.0000000000000002e-02 5.2317230172166851e-01 1.0067219539372338e+00 1.0459505710148113e-01 7.5355565388197945e+01 -1.1539442030791029e-03 8.5696313493114972e-05 1.1959760165202653e+00 1.1091977188448181e+00 9.9712195931678849e-01 7.3973901522404361e+01 -6.5585430968180631e-03 1.8004227379180067e-02 1.6410597742687588e-04 3.2828723149855338e-01 7.7220403155804376e-02 2.6149376023516152e-01 -2.6947775368566317e+02 4.4813335877241843e+02 1.5652959452212642e+02 4.3579050940044012e-01
1.0000000000000001e-01 5.2527225976933656e-01 1.0063915526729101e+00 1.0499473483992108e-01 6.8900072565065614e+01 -8.0805661095985403e-04 1.3857841920288395e-04 1.2771760001291892e+00 1.1625991626632945e+00 9.9729702883319027e-01 6.7976384551602479e+01 -7.6799927097228275e-03 2.1090135188471221e-02 2.2271947088810400e-04 4.1220838414184185e-01 9.5191756971461816e-02 3.2181913681993451e-01 -2.9127817210383665e+02 4.1847782927001856e+02 1.5652959674168179e+02 4.3576976022515951e-01
1.2000000000000000e-01 5.2910421829677912e-01 1.0059422109867548e+00 1.0573529649404341e-01 6.4077750343468310e+01 -5.7731230439038200e-04 1.4766044789913665e-04 1.3675789906027498e+00 1.2279095490558924e+00 9.9742761186182272e-01 6.2582803402219241e+01 -8.8828688874361041e-03 2.4580102765627221e-02 2.9231813865825812e-04 4.9677173029751059e-01 1.1904771363234122e-01 3.7327455576970575e-01 -2.8826620821427395e+02 3.9808873160693611e+02 1.5652959823786165e+02 4.3574066311197240e-01
1.4000000000000001e-01 5.3242043772834458e-01 1.0054168558515220e+00 1.0638572519493686e-01 5.9770809585997476e+01 -4.7389974450517437e-04 1.8026332669574853e-04 1.4674761073152418e+00 1.3057645410509859e+00 9.9756350442168362e-01 5.8031873722020499e+01 -1.0153684558852332e-02 2.8055974064041578e-02 3.7138451698538814e-04 5.8478961034998367e-01 1.4803547093122699e-01 4.1610426463304745e-01 -2.6278627050323644e+02 4.2352855791511547e+02 1.5652960595580737e+02 4.3570735241556136e-01
1.6000000000000000e-01 5.3182038913527996e-01 1.0049132582600249e+00 1.0624974012256690e-01 5.5544714724471483e+01 -3.9499288589571712e-04 1.6543791324216621e-04 1.5800139329212832e+00 1.3965041050544671e+00 9.9766067500738975e-01 5.3903710206640923e+01 -1.1346980285476590e-02 3.1331143828395629e-02 4.5756741235785503e-04 6.6496887616568379e-01 1.8213323690869632e-01 4.4099919520632486e-01 -2.5543531286511424e+02 4.4150799015156235e+02 1.5652961595107263e+02 4.3566422983965208e-01
1.7999999999999999e-01 5.3075030731203865e-01 1.0044932419404737e+00 1.0603818564253524e-01 5.1690336865669174e+01 -4.5399250580926680e-03 1.9841406461790418e-04 1.7026021715066852e+00 1.4983245445345830e+00 9.9768145472376979e-01 5.0414430690968409e+01 -1.2539913468928382e-02 3.4150546459280548e-02 5.4606342536556423e-04 7.2613788478063279e-01 2.2055196742069857e-01 4.3863144904318735e-01 -2.7373692985941898e+02 4.8699648642612311e+02 1.5652959176133197e+02 4.3560874508744279e-01
2.0000000000000001e-01 5.3458750095184493e-01 1.0040183921222823e+00 1.0677840471408193e-01 4.9010166599710864e+01 -3.7194058841869077e-02 2.2916471190729146e-04 1.8294716381415175e+00 1.6076615027230312e+00 9.9763196253142494e-01 4.7574690349514540e+01 -1.3095824730712005e-02 3.6557621969798761e-02 6.3135133720448834e-04 7.6667627777989777e-01 2.6058496380082491e-01 4.1012397046530130e-01 -2.9519828200905039e+02 4.8659328024315772e+02 1.5652952474445408e+02 4.3553848598370609e-01
2.2000000000000003e-01 5.4168094240831910e-01 1.0036180183811731e+00 1.0807477115381128e-01 4.6471250696281970e+01 -6.7394982453318639e-02 2.5760018555188411e-04 1.9602338151352188e+00 1.7214292329885701e+00 9.9767063298822178e-01 4.4790425217130874e+01 -1.3320612070052895e-02 3.7695075238994284e-02 7.0894043805480621e-04 7.8727526295237393e-01 2.9852206471824255e-01 3.6346320620590550e-01 -3.2515448863577700e+02 5.0517899507024077e+02 1.5652946417362205e+02 4.3545575230906253e-01
2.3999999999999999e-01 5.4621006394233074e-01 1.0032244267891677e+00 1.0895744214136072e-01 4.4528384216913764e+01 -8.7789786101250128e-02 2.8152239452311912e-04 2.0918243459826793e+00 1.8385240984724671e+00 9.9783018194198114e-01 4.2688126014180860e+01 -1.3554022944741445e-02 3.8246257223376892e-02 7.7628598475506659e-04 7.9264949050921363e-01 3.3083643164298993e-01 3.1012232619096647e-01 -3.2988301027447307e+02 4.8961115007872820e+02 1.5652943019642021e+02 4.3536367616611571e-01
2.6000000000000001e-01 5.4807476885430761e-01 1.0028936548250078e+00 1.0938432404241319e-01 4.2037903527576049e+01 -1.4342892065109186e-01 3.0749147629338669e-04 2.2230933308734140e+00 1.9586965962238607e+00 9.9773736691473791e-01 4.0193041348060362e+01 -1.3487017268564726e-02 3.8695566585062437e-02 8.3322891087601490e-04 7.8838507198116503e-01 3.5520872959803995e-01 2.6103795998060508e-01 -3.5512632755249405e+02 4.7664856559186120e+02 1.5652940914901271e+02 4.3526082795261650e-01
2.8000000000000003e-01 5.5046176260479629e-01 1.0027872239664282e+00 1.0991925425548787e-01 3.9917553456226912e+01 -1.2296809531588317e-01 6.0187559969632697e-04 2.3647242829554034e+00 2.0813320060045140e+00 9.9764990677758136e-01 3.7963417428561627e+01 -1.3276058108971315e-02 3.8601547663627243e-02 8.8136553691583975e-04 7.7924642860092175e-01 3.7112361001578220e-01 2.2266415549422952e-01 -3.0805001660761434e+02 4.9964859925333388e+02 1.5652938374462605e+02 4.3515053996699321e-01
2.9999999999999999e-01 5.5437902805963291e-01 1.0026782654152222e+00 1.1069168199021498e-01 3.8754706258871416e+01 -1.6508534005792669e-01 3.9126897432046579e-04 2.5048370523005667e+00 2.2057940460861509e+00 9.9754326929910098e-01 3.6520155908509309e+01 -1.3179133318661999e-02 3.8379016706566113e-02 9.2308575138753859e-04 7.6774783929181423e-01 3.7953285755787142e-01 1.9664704507906283e-01 -3.3126593007340841e+02 4.5424861617975034e+02 1.5652935225180136e+02 4.3503501115277993e-01
3.2000000000000001e-01 5.5912161010343331e-01 1.0028723692591079e+00 1.1166104208937702e-01 3.6689503326368310e+01 -1.5693164834600210e-01 3.9657983792123141e-04 2.6385273640433660e+00 2.3319878278227262e+00 9.9734385666783953e-01 3.4704949091926494e+01 -1.3090505630907001e-02 3.7954035950807076e-02 9.6074673566110393e-04 7.5577495654877291e-01 3.8220283721540299e-01 1.8165381031386485e-01 -3.1313564811407588e+02 4.5094818802218288e+02 1.5652932246315282e+02 4.3491767402095960e-01
3.3999999999999997e-01 5.6364941750262831e-01 1.0028651075158481e+00 1.1260116121123476e-01 3.5987783869161106e+01 -1.4785854509454419e-01 3.7130654100321441e-04 2.7785137085385827e+00 2.4605945521740606e+00 9.9744526273812162e-01 3.3354002540213742e+01 -1.2950069200994053e-02 3.7503864671432754e-02 9.9632559264837910e-04 7.4486135281986887e-01 3.8113133923132497e-01 1.7545249386384662e-01 -3.0217920925857527e+02 4.0365747838051618e+02 1.5652929742503136e+02 4.3480210668107638e-01
3.5999999999999999e-01 5.6807821047777951e-01 1.0029295191836813e+00 1.1340265395794513e-01 3.4518396467304484e+01 -1.8759543093843192e-01 3.8951646180605717e-04 2.9190841191707881e+00 2.5926766624015287e+00 9.9736883256518194e-01 3.2216191620076366e+01 -1.2971651290940422e-02 3.6970424812867123e-02 1.0313151222492887e-03 7.3558472851641654e-01 3.7806815573879365e-01 1.7508083218894646e-01 -2.7277041363947944e+02 3.7932501490795875e+02 1.5652925745174085e+02 4.3468789249475909e-01
3.8000000000000000e-01 5.7406751191108607e-01 1.0038185371013251e+00 1.1455262703815552e-01 3.3334254873491361e+01 -1.6275343808513573e-01 4.0853661335565688e-04 3.0625540271860414e+00 2.7285615444902538e+00 9.9702487851622934e-01 3.0912826437102154e+01 -1.2797339464264184e-02 3.6575425839676053e-02 1.0665468588197848e-03 7.2730575971558042e-01 3.7429526855571937e-01 1.7735329844175063e-01 -2.9178965610582458e+02 3.6467962223564416e+02 1.5652919444308191e+02 4.3457229025368349e-01
4.0000000000000002e-01 5.8165801926275207e-01 1.0043254709565781e+00 1.1607989927736648e-01 3.2454099379389504e+01 -1.6343906841380307e-01 4.2739896699008247e-04 3.2104568709950305e+00 2.8679338174969056e+00 9.9678662257624318e-01 2.9840835843775626e+01 -1.2794980612337702e-02 3.6424520112517678e-02 1.1023228677788787e-03 7.1982498591173172e-01 3.7053516586267682e-01 1.8044809356098968e-01 -2.7080778884977269e+02 3.4003183642635287e+02 1.5652914005137058e+02 4.3446201490491271e-01
4.2000000000000004e-01 5.8971214825546625e-01 1.0045271061917760e+00 1.1767090771336326e-01 3.2224284137707215e+01 -1.7453522229383969e-01 4.4689881747889593e-04 3.3673630383235160e+00 3.0110859113886499e+00 9.9657200947744451e-01 2.8937126128406483e+01 -1.2687861516094103e-02 3.6453273748391961e-02 1.1387396406248979e-03 7.1349013143692774e-01 3.6721815676499170e-01 1.8369547763454042e-01 -2.5683324209867004e+02 3.5762159081443093e+02 1.5652909601347667e+02 4.3435068768967061e-01
4.4000000000000006e-01 5.9707603804610376e-01 1.0044577089968962e+00 1.1918402127042253e-01 3.1393246792835694e+01 -1.6375204429323947e-01 4.7910710673350094e-04 3.5259848581673801e+00 3.1591869631560030e+00 9.9616115076654199e-01 2.7972389901638767e+01 -1.2937345976587827e-02 3.6259406522747541e-02 1.1757819521438198e-03 7.0804512839239409e-01 3.6451345757572762e-01 1.8665657201433752e-01 -2.7064178675898194e+02 3.3698287080527302e+02 1.5652905115446481e+02 4.3424564345804606e-01
4.6000000000000008e-01 6.0458834277079831e-01 1.0044203522642032e+00 1.2073457585706977e-01 3.0393477297068351e+01 -1.6580914662867366e-01 5.7021308107009971e-04 3.6977295492148032e+00 3.3133850241662701e+00 9.9563366691908983e-01 2.6952403852286817e+01 -1.3030361833047325e-02 3.6224615219772563e-02 1.2133503874164142e-03 7.0326979197503769e-01 3.6249332692823716e-01 1.8880996600945374e-01 -2.3998295649575505e+02 3.4722673776614022e+02 1.5652901391308458e+02 4.3414311411553869e-01
4.7999999999999998e-01 6.1244527243288438e-01 1.0044562346691424e+00 1.2220832575177724e-01 2.9914785845757759e+01 -1.6660447399149034e-01 5.1804526313304440e-04 3.8633036388546387e+00 3.4742487141940370e+00 9.9503927061623443e-01 2.6439394755399224e+01 -1.3066364180161391e-02 3.6049511718484216e-02 1.2512330692765964e-03 6.9855478993013498e-01 3.6106354181054512e-01 1.8983878510824725e-01 -2.5653101489085458e+02 3.0978320813439694e+02 1.5652899008656601e+02 4.3403729649668626e-01
5.0000000000000000e-01 6.2059711832385323e-01 1.0045497860195740e+00 1.2375253169571945e-01 2.9313061831950819e+01 -1.5197319743015458e-01 5.3939170805868087e-04 4.0394939473892810e+00 3.6419071168033992e+00 9.9439104732491046e-01 2.5309284114756093e+01 -1.3053043225727571e-02 3.6055261154788840e-02 1.2892046592644230e-03 6.9359361547222687e-01 3.6008164680400645e-01 1.8965840704058226e-01 -2.3644646210068720e+02 3.1356561818468913e+02 1.5652897283799027e+02 4.3393505816866013e-01
5.2000000000000002e-01 6.2828013645471059e-01 1.0046158384387731e+00 1.2533163901803959e-01 2.8468751471629105e+01 -1.6705203038648586e-01 5.6087688243050223e-04 4.2427230772008677e+00 3.8165649742953938e+00 9.9394555181537547e-01 2.4628013781397382e+01 -1.3111551333370067e-02 3.6048680803758559e-02 1.3270030426680991e-03 6.8798682064566663e-01 3.5939484262126248e-01 1.8806670058637961e-01 -2.3166135592328180e+02 3.0519368190079240e+02 1.5652895775466109e+02 4.3383474417692142e-01
5.4000000000000004e-01 6.3500123301866762e-01 1.0048779700470347e+00 1.2668475572250362e-01 2.8051265585308641e+01 -1.9256522457565753e-01 5.8150431868444878e-04 4.4474982093913473e+00 3.9987372641052596e+00 9.9348855614373000e-01 2.3745710500850240e+01 -1.2894937907420485e-02 3.6254328664792397e-02 1.3643299976510387e-03 6.8121693764756441e-01 3.5881938077249365e-01 1.8491405923660034e-01 -2.2754155251666418e+02 2.9733051399584099e+02 1.5652892993713908e+02 4.3373120951326527e-01
5.6000000000000005e-01 6.4268718386422685e-01 1.0054087725227294e+00 1.2825838867320286e-01 2.7975126761994023e+01 -1.8791310860623633e-01 6.0225727830455402e-04 4.6392483297265752e+00 4.1885860195571682e+00 9.9288030446996345e-01 2.3082742048955005e+01 -1.2954208829137823e-02 3.6122775352394706e-02 1.4008756949622113e-03 6.7321406371888393e-01 3.5829571304716101e-01 1.8035257660461065e-01 -2.4006335735080205e+02 3.0907844186966133e+02 1.5652888065160533e+02 4.3362856724428595e-01
5.7999999999999996e-01 6.5101516008867966e-01 1.0057730475662348e+00 1.2991853550277288e-01 2.7749800143383759e+01 -2.0512372686382327e-01 6.2697841469390361e-04 4.8499664920085763e+00 4.3856696373517572e+00 9.9232182605298447e-01 2.2575996380542531e+01 -1.3111424088415919e-02 3.6166206163344893e-02 1.4363921354494779e-03 6.6426129785367549e-01 3.5774762848948882e-01 1.7461264497071999e-01 -2.2585337275237242e+02 3.0093324390768561e+02 1.5652883694648912e+02 4.3352783393577154e-01
5.9999999999999998e-01 6.5941061899884801e-01 1.0058963155067351e+00 1.3152575105482675e-01 2.7334186019430959e+01 -2.1392539585184603e-01 6.5059203244251327e-04 5.0701969201638146e+00 4.5896105580329625e+00 9.9183884820908363e-01 2.1995403379923804e+01 -1.3161907485061042e-02 3.6442513062827281e-02 1.4706539612045469e-03 6.5415763420339446e-01 3.5710984604828810e-01 1.6787686461319887e-01 -2.1708260416521739e+02 2.9229151416700068e+02 1.5652880762687400e+02 4.3343014873785518e-01
6.2000000000000000e-01 6.6794640139339145e-01 1.0060060611487394e+00 1.3314713857677191e-01 2.6657058655597886e+01 -1.9102418420957518e-01 6.7143128988820535e-04 5.2761509172417176e+00 4.8003742397800195e+00 9.9119778153459182e-01 2.1586422451540397e+01 -1.3348707180279048e-02 3.6360631704954537e-02 1.5034857796599982e-03 6.4314620653524190e-01 3.5626401218084897e-01 1.6028560988552579e-01 -2.2699540985275240e+02 2.9961021419151672e+02 1.5652878097502315e+02 4.3332857406966335e-01
6.4000000000000001e-01 6.7526225673549356e-01 1.0060585553108876e+00 1.3465502045106659e-01 2.6724179209876613e+01 -1.8311368700908026e-01 8.3145238303964882e-04 5.4965516348894106e+00 5.0178272921521359e+00 9.9046153612398524e-01 2.0796448844431101e+01 -1.3382730924575542e-02 3.6177264937431258e-02 1.5347203735746934e-03 6.3088080696482940e-01 3.5516163972297515e-01 1.5194143637172414e-01 -2.2994886906344192e+02 2.8114870485069321e+02 1.5652874943734631e+02 4.3322995357955379e-01
6.5999999999999992e-01 6.8336831277598864e-01 1.0061112650545987e+00 1.3621863877998769e-01 2.6709671700073965e+01 -2.1632573755570070e-01 7.1588798383661755e-04 5.7225800373025564e+00 5.2416664054325750e+00 9.8968741188079090e-01 2.0418692447549883e+01 -1.3378074076405769e-02 3.6178155551135113e-02 1.5642379706853871e-03 6.1809844208708919e-01 3.5374246803500531e-01 1.4327832119978304e-01 -2.1142199537752782e+02 3.0199719641338294e+02 1.5652871373145047e+02 4.3313313185256264e-01
6.7999999999999994e-01 6.8988088155134031e-01 1.0060277269667897e+00 1.3755744953603793e-01 2.6467779619801643e+01 -2.6532775783617252e-01 7.3056570752878303e-04 5.9417816180162193e+00 5.4715246584227994e+00 9.8898422233411054e-01 2.0008227552182262e+01 -1.3369334236387814e-02 3.6089622235696825e-02 1.5920120421155210e-03 6.0482166638430779e-01 3.5197384245912322e-01 1.3425624649100829e-01 -2.0247396150437538e+02 2.7833817967594666e+02 1.5652868617624526e+02 4.3303908899898785e-01
6.9999999999999996e-01 6.9597828062627265e-01 1.0057131364074969e+00 1.3890529207141500e-01 2.6716288175362958e+01 -2.3895993961273648e-01 8.2770021936295446e-04 6.1928411174211933e+00 5.7068455930499420e+00 9.8822207158266806e-01 1.9651188640314796e+01 -1.3400413025309362e-02 3.6171538089189312e-02 1.6179511571071373e-03 5.9007658241624128e-01 3.4986118725251381e-01 1.2559257306246097e-01 -2.1486283921306782e+02 2.7886564324074817e+02 1.5652867416965938e+02 4.3294240053196936e-01
7.1999999999999997e-01 7.0123772251361893e-01 1.0066599033195669e+00 1.3988034345320660e-01 2.6101276610199335e+01 -2.5222599348760921e-01 8.9263176327845375e-04 6.4150513027731222e+00 5.9479718067982059e+00 9.8775350601008249e-01 1.8949046254287943e+01 -1.3495680598281764e-02 3.5934746708253945e-02 1.6422108733702761e-03 5.7460445276418559e-01 3.4737174724541980e-01 1.1595721458183900e-01 -2.2065746102135600e+02 2.7502393732290818e+02 1.5652865802500708e+02 4.3284705287093866e-01
7.3999999999999999e-01 7.0655292169188555e-01 1.0055930349510847e+00 1.4098806365292979e-01 2.6445896730701332e+01 -2.1845000785197793e-01 7.8057071141203081e-04 6.6425199640261177e+00 6.1922745954036573e+00 9.8707244595558452e-01 1.8885324149804699e+01 -1.3446757922876992e-02 3.6044543460511287e-02 1.6644064453735258e-03 5.6000641449257016e-01 3.4455803365965099e-01 1.0809862636939625e-01 -1.9949368622980387e+02 2.7273726718884876e+02 1.5652862092284971e+02 4.3275075290796883e-01
7.6000000000000001e-01 7.1093545676935199e-01 1.0074110367844018e+00 1.4192730113581703e-01 2.6186585877319921e+01 -2.2320421395261913e-01 8.0237594278344487e-04 6.8426126698020386e+00 6.4387230406718956e+00 9.8599239591986987e-01 1.8291591721496349e+01 -1.3463654839766170e-02 3.6006772829633417e-02 1.6853570332502144e-03 5.4647503439846457e-01 3.4134999004862010e-01 9.8222643568753001e-02 -2.0136896807415866e+02 2.7243697294690696e+02 1.5652858382837158e+02 4.3265521654669215e-01
7.8000000000000003e-01 7.1866590352932735e-01 1.0075636258391063e+00 1.4342676715419853e-01 2.6469308609051375e+01 -2.2661190804242259e-01 8.3388867171037512e-04 7.0870876215198297e+00 6.6907946012312260e+00 9.8648166909677804e-01 1.8223642110315183e+01 -1.3387185650094360e-02 3.5690608662035904e-02 1.7036837328600889e-03 5.2818563592607282e-01 3.3779177024190954e-01 8.8065941227539968e-02 -1.8986113662320059e+02 2.7636022963355782e+02 1.5652855923042395e+02 4.3256756754121106e-01
8.0000000000000004e-01 7.2297700092127715e-01 1.0060809050479038e+00 1.4424779270267910e-01 2.6588905437239596e+01 -2.4980617485764114e-01 9.2522070517875202e-04 7.2796825874605222e+00 6.9419031421347430e+00 9.8501042753165780e-01 1.7844705561376351e+01 -1.3403727339829929e-02 3.5547683129637776e-02 1.7206948286977758e-03 5.1474890960824604e-01 3.3388714591965662e-01 8.0112845148332626e-02 -1.9786120903965369e+02 2.5749508010933738e+02 1.5652854003174900e+02 4.3247369472702013e-01
8.1999999999999995e-01 7.2401015603044860e-01 1.0057063558102033e+00 1.4443847141938104e-01 2.6084944647278434e+01 -2.6215506847896930e-01 8.6740735894686154e-04 7.4790323230999647e+00 7.1931509390707697e+00 9.8473981130364285e-01 1.7240931451880854e+01 -1.3552369448067675e-02 3.5152254914319302e-02 1.7357505500079223e-03 4.9965366185565280e-01 3.2964612493514595e-01 7.2100495430231504e-02 -1.8887615484556795e+02 2.5741182266828577e+02 1.5652852098971493e+02 4.3238634361851885e-01
8.4000000000000008e-01 7.2901007347896574e-01 1.0055299219030831e+00 1.4541071018479618e-01 2.6023190484629666e+01 -2.3914329219162930e-01 9.1132833747925059e-04 7.7018360217194317e+00 7.4394912542714113e+00 9.8386234513296456e-01 1.6871614792792311e+01 -1.3374147292452837e-02 3.4908317535113059e-02 1.7496207420768827e-03 4.8118052150082424e-01 3.2505650083981441e-01 6.5962954513551914e-02 -1.8542381468049692e+02 2.4871724062601109e+02 1.5652850224525150e+02 4.3229782765260422e-01
8.5999999999999999e-01 7.3061102959532953e-01 1.0079743148234401e+00 1.4576989767821166e-01 2.5857902820346371e+01 -2.5202657875714518e-01 1.0386007056409758e-03 7.9580885119341644e+00 7.6868588840365746e+00 9.8304185696584923e-01 1.6446074885500515e+01 -1.3354017451776881e-02 3.4642148877781574e-02 1.7620498508603899e-03 4.6904769438903010e-01 3.2011129965400509e-01 5.7753313643843070e-02 -1.8435535875336052e+02 2.5942034020253533e+02 1.5652848036610823e+02 4.3220896374413770e-01
8.8000000000000012e-01 7.3507941191541992e-01 1.0073914070241232e+00 1.4664564400892477e-01 2.5458417719809429e+01 -2.6564423477468835e-01 1.0720209536808328e-03 8.2255230078266930e+00 7.9331632676215742e+00 9.8301838132931307e-01 1.5985832040533751e+01 -1.3203883814875200e-02 3.4429540239844812e-02 1.7727781446849869e-03 4.5323998052246367e-01 3.1489964629911199e-01 5.0559724880164893e-02 -1.7964487155642979e+02 2.3971315588348091e+02 1.5652846043628583e+02 4.3212649061623681e-01
9.0000000000000002e-01 7.3904480292520092e-01 1.0059920225825341e+00 1.4748088525380371e-01 2.5410069352079219e+01 -2.9176311709803726e-01 1.0874689921459614e-03 8.4851633868564935e+00 8.1745375627190828e+00 9.8302407229641708e-01 1.5986578996220500e+01 -1.3119512830813385e-02 3.4466300237458183e-02 1.7824018181275326e-03 4.3851691642699203e-01 3.0943548340811067e-01 4.5764011765068537e-02 -1.7450031638101694e+02 2.3632760364269868e+02 1.5652844027394059e+02 4.3204901479969576e-01
9.2000000000000015e-01 7.3822400024057311e-01 1.0060818488386114e+00 1.4744726030715563e-01 2.5366686398844617e+01 -2.7410781608248203e-01 1.0573954567934325e-03 8.7480047700968928e+00 8.4129735756769666e+00 9.8137206585505798e-01 1.5453332223366697e+01 -1.2825399679515837e-02 3.4335888083197701e-02 1.7910931405016317e-03 4.2533276951912563e-01 3.0381319406937712e-01 4.0788419923104474e-02 -1.7886460594514955e+02 2.2529305743200845e+02 1.5652841049767005e+02 4.3196360423315966e-01
9.4000000000000006e-01 7.3645934964540538e-01 1.0059685416032758e+00 1.4704945862119367e-01 2.5206692221949066e+01 -2.5103454205068632e-01 1.1247855518546218e-03 9.0005715967775508e+00 8.6462771520870216e+00 9.8101852149754198e-01 1.5331469956575834e+01 -1.2644368396307596e-02 3.4230717500210561e-02 1.7987361891573855e-03 4.1193428342473343e-01 2.9811189689469275e-01 3.5930336994856676e-02 -1.7791200134592574e+02 2.3389946621871198e+02 1.5652838478352385e+02 4.3188504157173613e-01
9.5999999999999996e-01 7.3881738845045208e-01 1.0052877956276951e+00 1.4753699009272750e-01 2.4919701992449898e+01 -2.8698808007419430e-01 1.0982079901251125e-03 9.2805252796375157e+00 8.8705425361375809e+00 9.8167920790274255e-01 1.5056653082171092e+01 -1.2523847656506534e-02 3.4136526639274085e-02 1.8055609051083592e-03 3.9772207891583794e-01 2.9235205285982707e-01 3.2847309616350955e-02 -1.6178425190361884e+02 2.2120301718776588e+02 1.5652836997990619e+02 4.3181206899155689e-01
9.8000000000000009e-01 7.3864264215493358e-01 1.0067146934574038e+00 1.4746086624480018e-01 2.4508684037416288e+01 -3.2006171508410980e-01 9.3430974425946398e-04 9.5877638732854500e+00 9.0918528493427484e+00 9.8096522833651045e-01 1.5050620382137977e+01 -1.2342165580031693e-02 3.4020921629633369e-02 1.8119111261936977e-03 3.8644705873444496e-01 2.8650798018205070e-01 3.0348748987665704e-02 -1.6504826358588349e+02 2.2564682501512161e+02 1.5652835654907972e+02 4.3172967914515603e-01
1.0000000000000000e+00 7.3880866406487600e-01 1.0088027863587625e+00 1.4739940598258552e-01 2.4659909449056741e+01 -3.1081322402874162e-01 9.8239143873881892e-04 9.8942375976480417e+00 9.3092581940907486e+00 9.7982189918295004e-01 1.4799873262900608e+01 -1.2205708344907000e-02 3.3879445951249781e-02 1.8176590937128852e-03 3.7533582898787260e-01 2.8062418489403068e-01 2.6787414530086099e-02 -1.6691958486206110e+02 2.1089507291254591e+02 1.5652833954042524e+02 4.3164776028498375e-01
1.0200000000000000e+00 7.3987790697441369e-01 1.0068637068282180e+00 1.4773329961549719e-01 2.4317755908669280e+01 -3.2346196902343122e-01 1.1847274526518019e-03 1.0164944420975806e+01 9.5184240796826973e+00 9.8063803761623602e-01 1.4744840856979001e+01 -1.1982548738263885e-02 3.3922070893209755e-02 1.8226847004231947e-03 3.6569293178935941e-01 2.7479390223002620e-01 2.4181651129598022e-02 -1.5251263524215682e+02 2.0643723195168079e+02 1.5652832887976589e+02 4.3158579866242852e-01
1.0400000000000000e+00 7.4276480994864691e-01 1.0061852418527399e+00 1.4819071404529346e-01 2.4170825654224071e+01 -3.4929952660249491e-01 9.9745302144795705e-04 1.0459948901380058e+01 9.7243176825352702e+00 9.8074553862286706e-01 1.4893137373980689e+01 -1.1956733697657160e-02 3.3667599934743123e-02 1.8274597040721303e-03 3.5599008353679851e-01 2.6904918722648541e-01 2.3925971426308052e-02 -1.6987202461954283e+02 2.0791782618037038e+02 1.5652832094491197e+02 4.3152314716494189e-01
1.0600000000000001e+00 7.4272145212772256e-01 1.0062694979526809e+00 1.4815163752362565e-01 2.4144147942928871e+01 -3.2770439277176000e-01 9.9798776102835414e-04 1.0728313050319244e+01 9.9275157566505658e+00 9.7950777552322066e-01 1.4886307794250355e+01 -1.2020413454787521e-02 3.3459781580233834e-02 1.8322800463566188e-03 3.4688874282603283e-01 2.6339679526927312e-01 2.3936792657602294e-02 -1.5042582567621011e+02 2.0052519051214398e+02 1.5652831544601474e+02 4.3144944877439728e-01
1.0800000000000001e+00 7.4142499061392253e-01 1.0061889997439899e+00 1.4795155670987140e-01 2.4165143596479858e+01 -3.2095340467140243e-01 9.9905415162679693e-04 1.1091218012601180e+01 1.0125548349088916e+01 9.7900013172078448e-01 1.4930046472154133e+01 -1.1917495469712710e-02 3.3323375972092853e-02 1.8369995297571381e-03 3.3826883407151026e-01 2.5787239791825389e-01 2.3040108821737987e-02 -1.5450135065668385e+02 1.9305935037378464e+02 1.5652830390561354e+02 4.3137933573055504e-01
1.1000000000000001e+00 7.4036418880913590e-01 1.0058394655553293e+00 1.4767840443537997e-01 2.4331784582953475e+01 -3.3204178041429289e-01 1.0227071277563080e-03 1.1402269337160590e+01 1.0319066032309498e+01 9.8009192907263731e-01 1.4897565608094077e+01 -1.1782440389913679e-02 3.2951608852356984e-02 1.8415550035250179e-03 3.3094077210322292e-01 2.5251522311709779e-01 2.3174094373014733e-02 -1.4693812972201764e+02 1.9815683977448538e+02 1.5652827156346169e+02 4.3132383256031703e-01
1.1200000000000001e+00 7.4164895092909311e-01 1.0061572542957580e+00 1.4807290177017604e-01 2.4391956579522798e+01 -3.6555272409617784e-01 1.0154374128508756e-03 1.1765304995173457e+01 1.0511006860203869e+01 9.8004838484860446e-01 1.5030404175707964e+01 -1.1616621851476074e-02 3.2731246368297384e-02 1.8463631002471486e-03 3.2393548846567816e-01 2.4729763840070293e-01 2.5065876509448429e-02 -1.4876660864472987e+02 2.0014999545625054e+02 1.5652824034355928e+02 4.3126153199024292e-01
1.1400000000000001e+00 7.4570170668808977e-01 1.0078969213954825e+00 1.4884020942286905e-01 2.4380337321558592e+01 -3.5203742085722561e-01 1.0236006834051046e-03 1.2136965374179052e+01 1.0702000850335848e+01 9.7912009390735466e-01 1.5061210923354597e+01 -1.1380829705831760e-02 3.2513880532765160e-02 1.8515707837814662e-03 3.1766098874159743e-01 2.4220574079532242e-01 2.6573691075828850e-02 -1.4554853964280724e+02 1.8802892668695463e+02 1.5652822684567954e+02 4.3118860413632942e-01
1.1599999999999999e+00 7.4863950900965182e-01 1.0085642664071115e+00 1.4955674652188952e-01 2.4249609693573511e+01 -3.6621649554964530e-01 1.0340495609222121e-03 1.2440145978640967e+01 1.0890080469369590e+01 9.7916024016316483e-01 1.5194992489802942e+01 -1.1211532382876038e-02 3.2438563549339855e-02 1.8569676681860531e-03 3.1299269279278874e-01 2.3728535979215384e-01 2.7534507233956718e-02 -1.4277071727566101e+02 1.8702956481170187e+02 1.5652821639845536e+02 4.3112180603922257e-01
1.1800000000000002e+00 7.5053726153187417e-01 1.0072839532698903e+00 1.4995210475996990e-01 2.4002649032106298e+01 -3.8371528212753192e-01 1.0942312164231656e-03 1.2741605718568383e+01 1.1076606573928210e+01 9.7933208174622066e-01 1.5055530445055698e+01 -1.1356228727766112e-02 3.2290233765111934e-02 1.8626146884542602e-03 3.0958240521137564e-01 2.3257006212572423e-01 2.9009137565927198e-02 -1.3376521248924476e+02 1.9069341773272618e+02 1.5652820796228659e+02 4.3106988920361644e-01
1.2000000000000000e+00 7.5463838956524554e-01 1.0066356488041230e+00 1.5079552598579599e-01 2.4291040181781323e+01 -3.6415950026954785e-01 1.0728756257707259e-03 1.2929013983914381e+01 1.1266059413545149e+01 9.7969033432009456e-01 1.5224511854378719e+01 -1.1365375860923253e-02 3.2120570035835364e-02 1.8686315202680048e-03 3.0531481991995768e-01 2.2806000979355928e-01 3.1556491891203832e-02 -1.3476361676550607e+02 1.7880343360007842e+02 1.5652820405204605e+02 4.3102267304432595e-01
1.2200000000000002e+00 7.5746510178060755e-01 1.0066052477571508e+00 1.5125979563936123e-01 2.3920515812706224e+01 -3.8861285388364375e-01 1.1102383629968025e-03 1.3162631275784923e+01 1.1458155718451117e+01 9.7914657845167352e-01 1.5219628322289244e+01 -1.1266140188543591e-02 3.1787867449077634e-02 1.8752596702788580e-03 3.0029517338201100e-01 2.2372388663095294e-01 3.4505914226042829e-02 -1.3039173119006136e+02 1.8326736740796679e+02 1.5652819979998566e+02 4.3096685500970311e-01
1.2400000000000000e+00 7.5753173413485797e-01 1.0064743028681851e+00 1.5149552503414324e-01 2.4025964044972461e+01 -3.4245797023557967e-01 1.1179245288670723e-03 1.3390850847613272e+01 1.1651500205719177e+01 9.7877940929883211e-01 1.5375240520516948e+01 -1.1161605130747227e-02 3.1648349353383315e-02 1.8823919422439480e-03 2.9699567613198657e-01 2.1955110082658966e-01 3.6568515039772459e-02 -1.2657384888626977e+02 1.8559019251626617e+02 1.5652819836931982e+02 4.3090782253238535e-01
1.2600000000000000e+00 7.5544629838047350e-01 1.0064166681924880e+00 1.5119276498249351e-01 2.4061757996041003e+01 -3.4753353325492742e-01 1.0947466693522470e-03 1.3575178310772605e+01 1.1847725997697779e+01 9.7916165652824338e-01 1.5334381779543858e+01 -1.1159607900190386e-02 3.1347037803469008e-02 1.8898838701193030e-03 2.9410425791035566e-01 2.1556134692213533e-01 3.8555067495424297e-02 -1.2323123246430008e+02 1.7946699071194146e+02 1.5652819522212170e+02 4.3085904730686486e-01
1.2800000000000000e+00 7.5668022586446360e-01 1.0070504027073122e+00 1.5103634844282912e-01 2.4135337572732087e+01 -3.6457761774135139e-01 1.1033669491133473e-03 1.3764922586233816e+01 1.2045510777842207e+01 9.7956359666882342e-01 1.5390528345290875e+01 -1.0934033657103621e-02 3.1060795986866580e-02 1.8978606828961100e-03 2.9082879134904682e-01 2.1173766811334149e-01 4.1480343392817164e-02 -1.2152493628689244e+02 1.7917768381965234e+02 1.5652817925119425e+02 4.3080908732929274e-01
1.3000000000000000e+00 7.5950356958825993e-01 1.0070323778201382e+00 1.5175730078994315e-01 2.3892152992812012e+01 -3.7415496540920667e-01 1.1187444775611019e-03 1.3962678323983729e+01 1.2244839571870516e+01 9.7909596792599851e-01 1.5423953407853148e+01 -1.0876376385327157e-02 3.0566946393698391e-02 1.9064774335071355e-03 2.8735995068915654e-01 2.0806343141998287e-01 4.4429961319721274e-02 -1.2649663401707376e+02 1.7660643665972918e+02 1.5652816106443461e+02 4.3075205186563659e-01
1.3199999999999998e+00 7.6404602988494053e-01 1.0080476330656274e+00 1.5277541123005928e-01 2.4091388774251023e+01 -3.9780485489979839e-01 1.1326202955292651e-03 1.4093025776404534e+01 1.2446600637727091e+01 9.7881938420537451e-01 1.5513351981642476e+01 -1.0871074414374425e-02 3.0148273267207724e-02 1.9155876252038443e-03 2.8479051605578382e-01 2.0453236423177995e-01 4.6567484337352145e-02 -1.1964875150762784e+02 1.7686992710633433e+02 1.5652813640458723e+02 4.3069077794164118e-01
1.3400000000000001e+00 7.6620936446440646e-01 1.0089062252334264e+00 1.5307470030114295e-01 2.4214477735070059e+01 -3.5008976126608765e-01 1.1324376767880475e-03 1.4257433613421837e+01 1.2651493849294850e+01 9.7852583572573182e-01 1.5609336536381804e+01 -1.0795922319061168e-02 2.9657444826468048e-02 1.9250675014138472e-03 2.8287320618431144e-01 2.0114187203552103e-01 4.8154301557226213e-02 -1.1125232431669593e+02 1.7772872836314750e+02 1.5652810517488516e+02 4.3063326180421241e-01
1.3599999999999999e+00 7.6718040355204220e-01 1.0074904186097002e+00 1.5324358728147686e-01 2.4086600692624664e+01 -3.7486613530640545e-01 1.1565345846320995e-03 1.4484982404500094e+01 1.2860515635628612e+01 9.7827753589740907e-01 1.5604025732588758e+01 -1.0700675033887932e-02 2.9417635095061574e-02 1.9348192637401590e-03 2.8123485776185514e-01 1.9788858536378218e-01 4.9184996726697162e-02 -1.1827632562456294e+02 1.7642657322597020e+02 1.5652809926680337e+02 4.3059146218376021e-01
1.3800000000000001e+00 7.7209327683110285e-01 1.0067311560719607e+00 1.5422958518454397e-01 2.4093278887071808e+01 -4.0686534981571942e-01 1.2353450656826265e-03 1.4689894107587781e+01 1.3073945167370265e+01 9.7902913191226770e-01 1.5271211664485493e+01 -1.0779513912327034e-02 2.8970912398889138e-02 1.9447602180603098e-03 2.7749054887711361e-01 1.9477803817598965e-01 5.0486230730031056e-02 -1.1690406434325375e+02 1.7840166039084198e+02 1.5652810727577827e+02 4.3055986916653594e-01
1.3999999999999999e+00 7.7606539122378559e-01 1.0071150745159649e+00 1.5487973711686687e-01 2.4319607228429636e+01 -3.8671937504286563e-01 1.2568593059546944e-03 1.4987681842831053e+01 1.3293056036216074e+01 9.7898917219824300e-01 1.5507176374870372e+01 -1.0762497606336829e-02 2.8351864679798146e-02 1.9550853662314714e-03 2.7397488514037377e-01 1.9178260863792421e-01 5.3397821098154892e-02 -1.1017018707846424e+02 1.7764387140402812e+02 1.5652811078257432e+02 4.3051848106055240e-01
1.4199999999999999e+00 7.7508371914783925e-01 1.0086387465000533e+00 1.5450014005602927e-01 2.4069486862852525e+01 -3.8683156184418516e-01 1.5214701150064486e-03 1.5215238158612125e+01 1.3518489277520683e+01 9.7790812917415115e-01 1.5169015267658869e+01 -1.0709898605056351e-02 2.7798285326859674e-02 1.9660293675922711e-03 2.7150413568958270e-01 1.8889825014602979e-01 5.4430065321040180e-02 -1.1190241851758984e+02 1.7089964518611816e+02 1.5652811005404436e+02 4.3046202991730864e-01
1.4399999999999999e+00 7.7485496997651782e-01 1.0083845311477215e+00 1.5443491954886665e-01 2.4246447779517151e+01 -4.1126382931039002e-01 1.4556349302769483e-03 1.5433331955680526e+01 1.3744807285171865e+01 9.7831411913113142e-01 1.5319349170114711e+01 -1.0644073279061384e-02 2.7206748787233455e-02 1.9768176893602803e-03 2.6665731252594627e-01 1.8614459561264682e-01 5.4785319852756899e-02 -1.0889622854723169e+02 1.7653171371760027e+02 1.5652811021118933e+02 4.3041750120898015e-01
1.4600000000000000e+00 7.7672584384762167e-01 1.0101627104554987e+00 1.5465772863593194e-01 2.4164816688715714e+01 -3.6883874355955210e-01 1.4902973155640393e-03 1.5715685214284282e+01 1.3974988009718157e+01 9.7882731417811830e-01 1.5078454268149228e+01 -1.0520948528920052e-02 2.6467871793745646e-02 1.9879866463202861e-03 2.6608599406679717e-01 1.8347631936354136e-01 5.6108864600951394e-02 -1.1291693716561943e+02 1.8268888454011136e+02 1.5652810463906218e+02 4.3037899470560559e-01
1.4800000000000000e+00 7.7820597473266395e-01 1.0068051016341659e+00 1.5490072954981046e-01 2.3955291340534473e+01 -3.4190010733005244e-01 1.4518230677606167e-03 1.5948607320875549e+01 1.4203946424517891e+01 9.7853498570492214e-01 1.4936386437968823e+01 -1.0484314625286054e-02 2.5735965461589572e-02 1.9992588284089728e-03 2.6574062283637612e-01 1.8088076414830748e-01 5.7135243566552765e-02 -1.0335067906696671e+02 1.7876205263020987e+02 1.5652809421823457e+02 4.3033449293261483e-01
1.5000000000000000e+00 7.8226736877853442e-01 1.0070498886667358e+00 1.5592532584267979e-01 2.4165357236856629e+01 -4.0997368798358036e-01 1.4079193524099327e-03 1.6178069064797878e+01 1.4436611498876287e+01 9.7762072929618926e-01 1.5013404224211765e+01 -1.0475355533281754e-02 2.5616956542737750e-02 2.0108972049395274e-03 2.5809425320121820e-01 1.7837573276603116e-01 5.9470248014413155e-02 -1.0016552274090557e+02 1.7878330482858362e+02 1.5652807405115740e+02 4.3027352038434635e-01
1.5200000000000000e+00 7.8206998963409569e-01 1.0100709619427253e+00 1.5604199463246013e-01 2.3964308502027286e+01 -4.1986158200691442e-01 1.3806603916115628e-03 1.6521704838829592e+01 1.4675821304487707e+01 9.7717638678459728e-01 1.4732008141667219e+01 -1.0347234153992965e-02 2.5753702605262496e-02 2.0229775737544840e-03 2.5846365967791551e-01 1.7593773684926997e-01 6.0567221815302996e-02 -9.7547519622651961e+01 1.7710046696785284e+02 1.5652803316215486e+02 4.3021410741720845e-01
1.5400000000000000e+00 7.8255611027726157e-01 1.0087506713410010e+00 1.5623323023699237e-01 2.3953142323743823e+01 -3.6889538914873299e-01 1.8697269253635733e-03 1.6841368071924538e+01 1.4916553263216574e+01 9.7692415521022435e-01 1.4859561450642236e+01 -1.0153871779735698e-02 2.5934503119610784e-02 2.0350080138497855e-03 2.5733078800293591e-01 1.7358388308813644e-01 5.9288024080276058e-02 -1.0397439458677930e+02 1.7654605767728336e+02 1.5652802433071037e+02 4.3017609210293029e-01
1.5600000000000001e+00 7.8307538038668345e-01 1.0065825917531095e+00 1.5623937866892579e-01 2.4051001900762436e+01 -3.9274993128682506e-01 1.6659089125896725e-03 1.7104416930092277e+01 1.5158771724423866e+01 9.7786231599860696e-01 1.4866593046291378e+01 -1.0034335012091861e-02 2.6223803709382452e-02 2.0467839673343076e-03 2.5858073852543739e-01 1.7135248154676727e-01 5.9718329748424476e-02 -9.7199909310172373e+01 1.7918314740639235e+02 1.5652803226585772e+02 4.3015895222858785e-01
1.5800000000000001e+00 7.8900886667759174e-01 1.0059601829296192e+00 1.5753596054605770e-01 2.4301104741113306e+01 -4.0141853283970685e-01 1.5059327071746309e-03 1.7430370425643162e+01 1.5407191648479202e+01 9.7823231258107923e-01 1.4868658344540606e+01 -9.8985496485253788e-03 2.6723996348563706e-02 2.0590570957854533e-03 2.5126399739293953e-01 1.6923107229166878e-01 6.3278423658636215e-02 -9.7124209232270786e+01 1.8097267491012533e+02 1.5652803522852710e+02 4.3013142020713885e-01
1.6000000000000001e+00 7.8766410500909867e-01 1.0072268771351487e+00 1.5725893997053692e-01 2.4215902481706614e+01 -3.8030025989404587e-01 1.4405156238096568e-03 1.7731502865514717e+01 1.5662114725926502e+01 9.7714063302552534e-01 1.4753291769323488e+01 -9.8050635381064823e-03 2.7304323595905917e-02 2.0720462378436143e-03 2.5062946090211563e-01 1.6715793264002909e-01 6.5786648886842214e-02 -9.0654658384320157e+01 1.8195915331189133e+02 1.5652804023199798e+02 4.3007740926870275e-01
1.6199999999999999e+00 7.8541368289722213e-01 1.0093966250730102e+00 1.5686395000401884e-01 2.4429628116683599e+01 -3.8616094605253454e-01 1.5897723106046032e-03 1.8037489553183359e+01 1.5921892954945134e+01 9.7597898055171428e-01 1.4946783651369062e+01 -9.6304949386403008e-03 2.7749047331416487e-02 2.0852379611435083e-03 2.5063410918045409e-01 1.6515019940795356e-01 6.5658879568449874e-02 -9.1149172544896444e+01 1.8355180510319698e+02 1.5652804778415307e+02 4.3003009140656301e-01
1.6399999999999999e+00 7.8417470059036287e-01 1.0068933614331721e+00 1.5658630558525816e-01 2.4296450423511498e+01 -4.0115902190704533e-01 1.8150379446860375e-03 1.8345002804167173e+01 1.6176964292212602e+01 9.7746440805322043e-01 1.4682759579727254e+01 -9.3862158452916889e-03 2.8312546687131929e-02 2.0983429328703231e-03 2.5099734842705340e-01 1.6322866976082875e-01 6.6166542606381537e-02 -8.6729881766563437e+01 1.8763477427332026e+02 1.5652804421692744e+02 4.3000705379228010e-01
1.6600000000000001e+00 7.8404172875189959e-01 1.0062350108362845e+00 1.5639246684892855e-01 2.4327897713171573e+01 -3.8339628895446354e-01 1.6507616016892160e-03 1.8638550918945153e+01 1.6435618584836472e+01 9.7779851663320705e-01 1.4683654167238100e+01 -9.2084657910377656e-03 2.8867230974119105e-02 2.1118493450348469e-03 2.4974106501351198e-01 1.6139514465872021e-01 6.9452307408284314e-02 -8.2204123397479748e+01 1.9216099563882636e+02 1.5652803733416215e+02 4.2997146955147708e-01
1.6800000000000002e+00 7.8809279364676388e-01 1.0064873268050851e+00 1.5728154479098286e-01 2.4231480127841095e+01 -3.9848718218448831e-01 1.5666224954993130e-03 1.8994554698439771e+01 1.6698027077761132e+01 9.7624794459837716e-01 1.4567276108508205e+01 -8.9970910988320992e-03 2.9373648813858937e-02 2.1261376067190051e-03 2.4574751652002744e-01 1.5962881794742109e-01 7.2806816454643777e-02 -8.0354249395713850e+01 1.9360202797051303e+02 1.5652802494590452e+02 4.2991173166666691e-01
1.7000000000000000e+00 7.8794278099509074e-01 1.0080840084407767e+00 1.5722855413877199e-01 2.4332956376313646e+01 -3.6059315899210093e-01 1.6045491590075188e-03 1.9267540811371376e+01 1.6965188935118938e+01 9.7605567857290576e-01 1.4636786419110106e+01 -8.8134613160728154e-03 2.9966757605453736e-02 2.1409098141530825e-03 2.4678879859737538e-01 1.5792468777853197e-01 7.4979768047862966e-02 -7.8803554203930005e+01 1.8831450237052294e+02 1.5652797629377665e+02 4.2985171454231552e-01
1.7200000000000000e+00 7.8602231826302993e-01 1.0102569037511575e+00 1.5671880479914974e-01 2.4320606016772008e+01 -3.4188263908356109e-01 1.6263426408043506e-03 1.9502335658934967e+01 1.7240639695520972e+01 9.7552982590690807e-01 1.4795400670185991e+01 -8.5996715187189182e-03 3.0478408962324420e-02 2.1560903263250671e-03 2.4948713074057902e-01 1.5630064433376462e-01 7.6606942554969498e-02 -7.8643381703994990e+01 1.9252679066378423e+02 1.5652795483275119e+02 4.2980798447365443e-01
1.7400000000000002e+00 7.8705345613824906e-01 1.0075665875633433e+00 1.5695413429013666e-01 2.4243508199851007e+01 -4.6087161849757158e-01 1.7156640989654016e-03 1.9733550571546015e+01 1.7518224462919505e+01 9.7546080195874241e-01 1.4789340898817386e+01 -8.4629638066109208e-03 3.0744560767368340e-02 2.1715196585684717e-03 2.5053488970156762e-01 1.5476413652888940e-01 7.7551117287084262e-02 -7.7407459697383032e+01 1.9599484292023496e+02 1.5652797600149574e+02 4.2978008015081037e-01
1.7600000000000002e+00 7.8896408179614219e-01 1.0064846968939007e+00 1.5737810695527235e-01 2.4565999836220698e+01 -4.2425043594619521e-01 1.7563740408233415e-03 2.0016841535162111e+01 1.7797261004460061e+01 9.7621525184738178e-01 1.4860766849727005e+01 -8.5967455298019517e-03 3.0835236269959709e-02 2.1871596999101920e-03 2.5054366642804859e-01 1.5331911958012484e-01 7.9280289437302823e-02 -7.7958027184601178e+01 1.9422679507626904e+02 1.5652799131295120e+02 4.2976538351121163e-01
1.7800000000000000e+00 7.9170058923198261e-01 1.0068112496605093e+00 1.5789896480614538e-01 2.4943800140521777e+01 -4.6156919204751523e-01 1.6540694579992847e-03 2.0150114110147996e+01 1.8083256207522496e+01 9.7672058880457668e-01 1.5151550265080017e+01 -8.6939857661302734e-03 3.1257881899037041e-02 2.2033421213450799e-03 2.4968897389675249e-01 1.5195472346955319e-01 8.3063586622183591e-02 -7.7552300174694821e+01 1.9594897538814470e+02 1.5652799108848711e+02 4.2974042814600844e-01
1.8000000000000000e+00 7.9081282921707508e-01 1.0065665578152672e+00 1.5772497797985321e-01 2.4494365050876326e+01 -4.7260495305749284e-01 1.6640117631575280e-03 2.0209055260845577e+01 1.8374253603704936e+01 9.7580705270039525e-01 1.5174204359521747e+01 -8.8866960509255861e-03 3.1677469172570395e-02 2.2203973338884033e-03 2.5099215253974227e-01 1.5066900154301721e-01 8.6894496696588469e-02 -7.4712321507759484e+01 1.8895358077571279e+02 1.5652799369583425e+02 4.2970298049051464e-01
1.8199999999999998e+00 7.8731638599889631e-01 1.0058669817652437e+00 1.5699403495941119e-01 2.4248524540785493e+01 -5.3064426880808224e-01 1.8270035921233254e-03 2.0212806762866574e+01 1.8671147507065456e+01 9.7630558432661474e-01 1.4948063141618663e+01 -8.8581629306524363e-03 3.2171828699415171e-02 2.2380681225009163e-03 2.5334851887988885e-01 1.4947404188258545e-01 9.0048313987339965e-02 -7.1204787531540575e+01 1.9169771191733051e+02 1.5652799195823781e+02 4.2967074968494451e-01
1.8400000000000003e+00 7.8566877731016316e-01 1.0073969899924562e+00 1.5654488977756059e-01 2.4383545851145623e+01 -4.9356128428564044e-01 1.6579581394681926e-03 2.0143524806170593e+01 1.8974278390787788e+01 9.7632066652817950e-01 1.4942238057091846e+01 -9.1138655188286039e-03 3.2820620586019589e-02 2.2564209170850766e-03 2.5379927485747861e-01 1.4837102715683748e-01 9.3543910682012538e-02 -7.0167714091694990e+01 1.9570725162294855e+02 1.5652798746142022e+02 4.2962703671732672e-01
1.8600000000000001e+00 7.9006255222239896e-01 1.0073683799293509e+00 1.5757537867213750e-01 2.4035643669960500e+01 -4.8771531174600796e-01 1.6547015170339664e-03 2.0089543131201197e+01 1.9279833223504205e+01 9.7484004591911622e-01 1.5031986654149456e+01 -9.4459250863119047e-03 3.3478689120124416e-02 2.2754148333488512e-03 2.5343232878085753e-01 1.4734145029744136e-01 9.5799709709989786e-02 -6.7273594566994745e+01 1.9212207452580810e+02 1.5652798610623242e+02 4.2956886234364405e-01
1.8800000000000001e+00 7.9401329849702540e-01 1.0071574841042357e+00 1.5833779064990736e-01 2.4169470786778124e+01 -4.6302062902629543e-01 1.8856916351329127e-03 1.9971463146098873e+01 1.9586789574301150e+01 9.7464435792711090e-01 1.5085080735021773e+01 -9.6917693743166396e-03 3.3964157568173683e-02 2.2946656350350462e-03 2.5566908467981125e-01 1.4639431009194750e-01 9.6572560170803887e-02 -7.3152562965318751e+01 1.9538481525154580e+02 1.5652794804228262e+02 4.2952028341851117e-01
1.8999999999999999e+00 7.9202240282721903e-01 1.0083096762900305e+00 1.5804394079483691e-01 2.4486431302474411e+01 -4.8358813343743384e-01 1.8466940310739003e-03 1.9977591195824555e+01 1.9899046580791179e+01 9.7541559634167341e-01 1.5189024509843033e+01 -9.8569103223626747e-03 3.4383292890883765e-02 2.3141065627967036e-03 2.5757920472746626e-01 1.4554529054474760e-01 9.8631026612098022e-02 -6.8252899628281256e+01 1.9115150556895793e+02 1.5652789533451951e+02 4.2948283165197493e-01
1.9199999999999999e+00 7.9342962919963267e-01 1.0075891073572940e+00 1.5837191793804523e-01 2.4120788780114786e+01 -4.9079938779065319e-01 1.7843937604271778e-03 1.9900568157142729e+01 2.0217533927794165e+01 9.7501287717656915e-01 1.4941036344410314e+01 -1.0073183205270852e-02 3.4846139604330827e-02 2.3341806082579674e-03 2.5885087218308689e-01 1.4478994438300810e-01 1.0196241080497472e-01 -7.2026779558205135e+01 2.0110163721648527e+02 1.5652790817183870e+02 4.2945090418274673e-01
1.9400000000000002e+00 7.9583538377630803e-01 1.0060231876371177e+00 1.5885638345133490e-01 2.4426336733922039e+01 -4.9842012861228507e-01 1.9306343821927888e-03 1.9801234654965757e+01 2.0540330680130310e+01 9.7468990377245168e-01 1.5196920384545002e+01 -1.0331239833640113e-02 3.5205992102366988e-02 2.3548201552631830e-03 2.6005287018397721e-01 1.4412071787092326e-01 1.0383072192441788e-01 -6.8706899521446459e+01 1.9408229454920155e+02 1.5652794786769246e+02 4.2942177363384493e-01
1.9600000000000002e+00 7.9754869911341086e-01 1.0059942097719414e+00 1.5922035129523149e-01 2.4133730386234607e+01 -5.2309963292139494e-01 1.9563918322772216e-03 1.9741666476746868e+01 2.0868495895601729e+01 9.7489677958298304e-01 1.4992866321773494e+01 -1.0385366753749384e-02 3.5887569325835686e-02 2.3756645888349439e-03 2.6008632055620678e-01 1.4353146659303118e-01 1.0487095745625788e-01 -6.9127818413352983e+01 1.9364348299154130e+02 1.5652796585836433e+02 4.2939890389045354e-01
1.9800000000000000e+00 8.0061696215041900e-01 1.0078258639952646e+00 1.5982040863279989e-01 2.4140090447156716e+01 -4.8445436225786603e-01 1.8939081717585671e-03 1.9701227770180271e+01 2.1200393273840149e+01 9.7471170389326067e-01 1.4950304600296509e+01 -1.0864868772910072e-02 3.6574839097615580e-02 2.3967846747939090e-03 2.6019668862536793e-01 1.4302124649665371e-01 1.0638754660825520e-01 -6.7752800896023132e+01 1.9258202393500963e+02 1.5652796393269676e+02 4.2936645773410886e-01
2.0000000000000000e+00 8.0373869184792102e-01 1.0066904593559425e+00 1.6032115257382443e-01 2.4216214230759814e+01 -5.1548184519090445e-01 1.9352082768753537e-03 1.9708896078561793e+01 2.1534113909906388e+01 9.7446452689714491e-01 1.4833460597277513e+01 -1.1481477129184008e-02 3.7117872553618550e-02 2.4182064666087573e-03 2.6212970212859849e-01 1.4260185734017250e-01 1.0767212644942031e-01 -7.0778635775174095e+01 1.9540057006538251e+02 1.5652795455295123e+02 4.2933652900768676e-01
2.0200000000000000e+00 8.0155328131526282e-01 1.0059186419810471e+00 1.5986912614187862e-01 2.4477869676109414e+01 -4.7893731742658247e-01 2.0003077254329713e-03 1.9788075092719961e+01 2.1868413083157634e+01 9.7487984412762851e-01 1.5071783414623287e+01 -1.2032713624386319e-02 3.7799194586244894e-02 2.4398250655938768e-03 2.6349584306642038e-01 1.4228212800239104e-01 1.0833499511942599e-01 -7.4313492792534134e+01 2.0214647777566071e+02 1.5652794578190316e+02 4.2930827865676940e-01
2.0400000000000000e+00 8.0274911595952381e-01 1.0055444375860094e+00 1.6027459474729117e-01 2.4252477549115834e+01 -4.5950134100786194e-01 2.0260074464922367e-03 1.9809598819921241e+01 2.2203300350582545e+01 9.7476990841941580e-01 1.4762542972337197e+01 -1.2154629722113366e-02 3.8480803121673880e-02 2.4615746117560818e-03 2.6230783962916421e-01 1.4205320028792714e-01 1.0973621248118921e-01 -7.3633506729027175e+01 2.0949990978236116e+02 1.5652795121857005e+02 4.2926996330935174e-01
2.0600000000000001e+00 8.1010048780437782e-01 1.0058933236388774e+00 1.6171692427698353e-01 2.4431182283540426e+01 -4.5316208580952477e-01 2.0058601396695224e-03 1.9948004557222038e+01 2.2539784948706657e+01 9.7377109993483379e-01 1.4780976916210790e+01 -1.2392829140024614e-02 3.9144283491686416e-02 2.4837258476858855e-03 2.6077790800394474e-01 1.4189594946530867e-01 1.1143904412451157e-01 -7.2647010819776199e+01 2.0206818394866337e+02 1.5652792850802530e+02 4.2921503646527692e-01
2.0800000000000001e+00 8.1266053784962744e-01 1.0063845138655727e+00 1.6221594123976113e-01 2.4087744479063410e+01 -4.0249114194551627e-01 2.2978804708351326e-03 2.0102636453480546e+01 2.2877747822624510e+01 9.7323225600801833e-01 1.4660865514594045e+01 -1.2524560336439703e-02 3.9475027849379042e-02 2.5060458133899688e-03 2.6034384025569113e-01 1.4180927490778852e-01 1.1127441564970568e-01 -7.2824091748067417e+01 2.0160648932232479e+02 1.5652787549449215e+02 4.2915817600682277e-01
2.1000000000000001e+00 8.1145372300115848e-01 1.0073553171883258e+00 1.6205665192447494e-01 2.4011606712766593e+01 -4.7720432251115474e-01 2.2346085810469171e-03 2.0227424885948842e+01 2.3216643062834191e+01 9.7252934334809671e-01 1.4527890961655601e+01 -1.2693372579843395e-02 3.9956165362690914e-02 2.5281409727661418e-03 2.6051880454014520e-01 1.4180132985166327e-01 1.0947236714795862e-01 -6.8723920425164238e+01 2.0587498623573404e+02 1.5652785943169553e+02 4.2910630635019992e-01
2.1200000000000001e+00 8.1562284152204700e-01 1.0084023166437639e+00 1.6294197495169399e-01 2.4085629558644868e+01 -4.9235332685767885e-01 2.3073391256328104e-03 2.0371791555981254e+01 2.3552268825836784e+01 9.7319339834999841e-01 1.4409850812956213e+01 -1.2717392818064544e-02 4.0528804819546571e-02 2.5498370148388395e-03 2.5907086163822401e-01 1.4186776955737182e-01 1.0823074913541642e-01 -7.2681461956303679e+01 2.0060807010746657e+02 1.5652788680122165e+02 4.2906789759182090e-01
2.1400000000000001e+00 8.1813985780458898e-01 1.0073197399544529e+00 1.6360155061156667e-01 2.4127352502930037e+01 -4.5369038576791265e-01 3.1588692045681809e-03 2.0639947292928898e+01 2.3885619351048746e+01 9.7163903837162446e-01 1.4122194048763390e+01 -1.2803258000916839e-02 4.1096896692617721e-02 2.5713217781217507e-03 2.5732534466728063e-01 1.4201604295927839e-01 1.0500016716831488e-01 -7.0455378231546902e+01 2.0509809700083844e+02 1.5652792763691218e+02 4.2903628201188460e-01
2.1600000000000001e+00 8.2346072964778971e-01 1.0064881290768430e+00 1.6479253356537563e-01 2.3908242502555932e+01 -4.2027480522258659e-01 2.5943683384679625e-03 2.0918063660733591e+01 2.4210311218972276e+01 9.7185095867370264e-01 1.3860326553851280e+01 -1.2656620964243248e-02 4.1682457591453351e-02 2.5917384583098394e-03 2.5733059820821508e-01 1.4225152185738835e-01 9.9903620969828175e-02 -6.9230488923857394e+01 1.9811790765734176e+02 1.5652794548755386e+02 4.2902805203515049e-01
2.1800000000000002e+00 8.2448271654399807e-01 1.0060144551559651e+00 1.6512229417324398e-01 2.3680559731385625e+01 -4.0753347590559358e-01 3.0287895858950985e-03 2.1186676049404699e+01 2.4524543027064112e+01 9.7312875987998704e-01 1.3423426826872044e+01 -1.2600933893629544e-02 4.2407572246247895e-02 2.6113521193301885e-03 2.5065140232712407e-01 1.4257680593746361e-01 9.6350394859921862e-02 -7.0584507046739546e+01 1.9715644270555788e+02 1.5652794191604082e+02 4.2901986234607670e-01
2.2000000000000002e+00 8.2471827668838615e-01 1.0053182153730365e+00 1.6512873499131081e-01 2.3830416810943323e+01 -4.8082414066307461e-01 2.8409659447017448e-03 2.1623471076783616e+01 2.4835395095476706e+01 9.7305679458655070e-01 1.3405009096512641e+01 -1.2049500079284740e-02 4.3080369734559414e-02 2.6303110541787511e-03 2.4694412911990010e-01 1.4296301795619346e-01 9.3296405411196673e-02 -7.1931759903702257e+01 2.0717762959420094e+02 1.5652792983561736e+02 4.2899400388647579e-01
2.2199999999999998e+00 8.2533477182156711e-01 1.0056848438676409e+00 1.6517869064158769e-01 2.3955106639498258e+01 -4.7017190506812229e-01 3.0440959051642848e-03 2.1944957805028491e+01 2.5139615045952830e+01 9.7325192823617312e-01 1.3226983324530424e+01 -1.1309086050031423e-02 4.3665189041982723e-02 2.6486615974092320e-03 2.4300795497454925e-01 1.4340102651072989e-01 9.0334624607058642e-02 -7.2130786465642444e+01 2.0786687213455033e+02 1.5652792599631803e+02 4.2895299186519070e-01
2.2400000000000002e+00 8.2552959854886510e-01 1.0051348626062147e+00 1.6539815564062840e-01 2.3890125939808559e+01 -4.5556028666355480e-01 2.8825409490735006e-03 2.2411109710810265e+01 2.5429735059561288e+01 9.7200849681058277e-01 1.2815242178230056e+01 -1.0853848279803725e-02 4.4195210957200678e-02 2.6663029099553213e-03 2.3325186203046946e-01 1.4387409518051669e-01 8.5028515406697883e-02 -7.3290996572690631e+01 2.0947751406742876e+02 1.5652790895462405e+02 4.2888639910841470e-01
2.2600000000000002e+00 8.2949719818653489e-01 1.0057015797168027e+00 1.6648774604490355e-01 2.3378594945315204e+01 -5.0199116639375962e-01 3.1771666217023284e-03 2.2958930835640704e+01 2.5708063369284005e+01 9.7023656810726999e-01 1.2475690345671797e+01 -1.0184462443943883e-02 4.4433331809333100e-02 2.6824838664858109e-03 2.2561583154173104e-01 1.4435723572767239e-01 7.6576510662654640e-02 -7.1710560594438604e+01 1.9490987495567182e+02 1.5652786585027221e+02 4.2881108284421043e-01
2.2800000000000002e+00 8.2895768316601237e-01 1.0075038156835507e+00 1.6653736881004605e-01 2.3408188664039759e+01 -4.8045339509741086e-01 3.4762158925532179e-03 2.3476746834000114e+01 2.5971832875425363e+01 9.7002795695625565e-01 1.2067688668063964e+01 -9.3844883006608572e-03 4.4536741718330955e-02 2.6968207698153030e-03 2.2237312144240079e-01 1.4486238374516591e-01 6.6349856510864183e-02 -7.1931910407428234e+01 1.9995655457125386e+02 1.5652784678607651e+02 4.2875065975527649e-01
2.2999999999999998e+00 8.2933658960417245e-01 1.0072521281071245e+00 1.6673670523358658e-01 2.3230844507166431e+01 -4.4751363332753546e-01 3.2187928824182017e-03 2.3942241833908824e+01 2.6214132844808141e+01 9.7020764338375176e-01 1.1813695584569853e+01 -8.8966868415604507e-03 4.4750478232375789e-02 2.7090208506987110e-03 2.1465134498617341e-01 1.4539722128070795e-01 5.6519116277496340e-02 -7.4097296215175191e+01 1.9583962870348046e+02 1.5652785328379244e+02 4.2871546147675405e-01
2.3199999999999998e+00 8.2519898334102826e-01 1.0055823750254045e+00 1.6651953961650789e-01 2.3283500025154414e+01 -4.4865169638533264e-01 3.3635353451852896e-03 2.4467762208833278e+01 2.6432716765027930e+01 9.6969142810304243e-01 1.1296051260228506e+01 -8.2791443298067917e-03 4.5260577228777903e-02 2.7193591280324490e-03 2.0578316652072887e-01 1.4596805298974383e-01 4.5302892163379405e-02 -7.6345179800066092e+01 1.9571171036119080e+02 1.5652787460052923e+02 4.2869639943503657e-01
2.3400000000000003e+00 8.2617804822143470e-01 1.0050154337711483e+00 1.6694725358058038e-01 2.3339765284463851e+01 -4.6742935912589112e-01 3.3491843623165707e-03 2.5139968295579440e+01 2.6629714455174341e+01 9.7033809973025009e-01 1.1076883047037297e+01 -7.6983919527368275e-03 4.5566035430599519e-02 2.7271448531569942e-03 1.9535127446585537e-01 1.4656095918450837e-01 3.4202222453905924e-02 -7.4893837294809032e+01 2.0003100010739590e+02 1.5652790447627365e+02 4.2869073169821692e-01
2.3600000000000003e+00 8.2629456509485810e-01 1.0041743080865564e+00 1.6674549940070796e-01 2.3705504357789160e+01 -4.6053813423818429e-01 3.6672804234624224e-03 2.5790708480847890e+01 2.6806385418627460e+01 9.7103262890843278e-01 1.0908021529439408e+01 -7.5055499552234613e-03 4.5989355759515980e-02 2.7330858482894592e-03 1.8599597900685982e-01 1.4717768161763239e-01 2.4009260514862955e-02 -7.8306005623277699e+01 2.0240582536376900e+02 1.5652792067240921e+02 4.2867978643075300e-01
2.3799999999999999e+00 8.1974277128738071e-01 1.0049077711660952e+00 1.6543892481708844e-01 2.3435094770783870e+01 -4.3513767265876374e-01 3.0457617262171287e-03 2.6289451208775372e+01 2.6962218999305275e+01 9.7146894117207006e-01 1.0541659794640854e+01 -7.2778810392640590e-03 4.6186476514348630e-02 2.7367492788654122e-03 1.7588229644954509e-01 1.4781188948865309e-01 1.3749963797794062e-02 -7.0581338365287507e+01 1.9887476081770052e+02 1.5652791617783598e+02 4.2865246241176996e-01
2.3999999999999999e+00 8.1311527637701531e-01 1.0039987842323674e+00 1.6487885359795604e-01 2.3445251011199392e+01 -4.3644596602056290e-01 2.7227390377147645e-03 2.6793045794513457e+01 2.7091347576666081e+01 9.7049929894499842e-01 1.0450327486281545e+01 -6.9892968672834680e-03 4.5991423962347441e-02 2.7385723084641235e-03 1.6134880490928435e-01 1.4843242834200090e-01 3.3881515776130466e-03 -7.5779991379384143e+01 2.0306919425721284e+02 1.5652791378667155e+02 4.2860781220097410e-01
2.4199999999999999e+00 8.0831675779579171e-01 1.0040479599682268e+00 1.6440580502268420e-01 2.3541343033234398e+01 -4.6290245730882823e-01 2.6640090221713300e-03 2.7366893437598328e+01 2.7192541235232056e+01 9.7036334530985324e-01 1.0309654475543734e+01 -6.8962521160671310e-03 4.5945971296196250e-02 2.7380366214395978e-03 1.5013757337338832e-01 1.4902474457672862e-01 -8.2741752866720038e-03 -7.5100339779087321e+01 2.0289529229220400e+02 1.5652789938285935e+02 4.2854946276552658e-01
2.4400000000000004e+00 8.0413431033756488e-01 1.0051635748401195e+00 1.6398335175722170e-01 2.3926572062592182e+01 -4.0871055997150857e-01 2.4664724314490179e-03 2.7932950046715419e+01 2.7268446010698085e+01 9.6917896684601990e-01 1.0246831595293774e+01 -6.7394792348769491e-03 4.5871952263749904e-02 2.7352530250966743e-03 1.3805928262547440e-01 1.4957952560481053e-01 -1.9783441334749033e-02 -7.9299767632879806e+01 2.0737103975277770e+02 1.5652785227243174e+02 4.2848364466595185e-01
2.4600000000000000e+00 7.9784209368445769e-01 1.0057552513597954e+00 1.6263433162655019e-01 2.3649645529493952e+01 -4.2719367561065930e-01 2.0662807648884861e-03 2.8354711693790041e+01 2.7318899762229250e+01 9.6901558983492375e-01 1.0165179493975167e+01 -6.6164941128292300e-03 4.5591496676231767e-02 2.7300530326138379e-03 1.2941978955287139e-01 1.5009595262194420e-01 -3.2676843047982913e-02 -7.3549442660679091e+01 2.0815670584155987e+02 1.5652783092148181e+02 4.2842408562086393e-01
2.4800000000000000e+00 7.8495229550291001e-01 1.0058444846786507e+00 1.6068366642189763e-01 2.4098651291660190e+01 -4.6469698183211910e-01 2.2105029527459117e-03 2.8807412791407909e+01 2.7339331209467510e+01 9.6896905258902311e-01 1.0155675016790267e+01 -6.5085778394936957e-03 4.5247064159491514e-02 2.7221838570614383e-03 1.2347935169363115e-01 1.5059096550443521e-01 -4.5584662381894500e-02 -7.0304335739930153e+01 2.0906350234936014e+02 1.5652783212800122e+02 4.2839032827586510e-01
2.5000000000000000e+00 7.7890967071943240e-01 1.0049933204675354e+00 1.5983683487936870e-01 2.3776551830747408e+01 -4.3182658693315379e-01 2.2155635692384526e-03 2.9233651664543448e+01 2.7325612600214157e+01 9.6952180493054463e-01 1.0109473799072791e+01 -6.2416857950067907e-03 4.4665434628503739e-02 2.7119077004728663e-03 1.1184160783972069e-01 1.5105118205660956e-01 -5.7015082287142589e-02 -6.9572304815377620e+01 2.0105308613002273e+02 1.5652784070710604e+02 4.2837810848156976e-01
2.5200000000000000e+00 7.6930484601340843e-01 1.0041452501940904e+00 1.5801614727796531e-01 2.3719558436763865e+01 -4.1977110600742062e-01 2.0734097215448595e-03 2.9402397287217241e+01 2.7283106127697895e+01 9.7059663248591943e-01 1.0102446302319985e+01 -6.0592492433275916e-03 4.4265927232623459e-02 2.6994935576854519e-03 1.0376090570990568e-01 1.5146866827711714e-01 -6.6734273235792049e-02 -7.3702517468033662e+01 2.0703683368186043e+02 1.5652784777245114e+02 4.2837468249763400e-01
2.5400000000000000e+00 7.5721236178267248e-01 1.0039023743005320e+00 1.5614210756246694e-01 2.3830841398976727e+01 -4.2970246539037066e-01 1.9530538780667898e-03 2.9330627443320765e+01 2.7217575787266259e+01 9.7166312891989448e-01 1.0257557153207605e+01 -5.8401228514333419e-03 4.3777480644174402e-02 2.6853668350950884e-03 9.5484201027861745e-02 1.5183275293326667e-01 -7.3947596615847558e-02 -7.1640325014880688e+01 2.0633734235431004e+02 1.5652786635045643e+02 4.2836351976243392e-01
2.5600000000000001e+00 7.4612120498737444e-01 1.0042197960303731e+00 1.5403124898414311e-01 2.4056486533665840e+01 -3.8281419250975535e-01 1.7774160458115934e-03 2.9211979622690169e+01 2.7131050859865997e+01 9.7177244867786339e-01 1.0284385265276054e+01 -5.5966019319563191e-03 4.3528282201889229e-02 2.6700191898051096e-03 8.6448344582816736e-02 1.5211081033628754e-01 -7.9462198304484324e-02 -7.3227242756996134e+01 2.0425359819800954e+02 1.5652787742683893e+02 4.2833230199257455e-01
2.5800000000000001e+00 7.3094113335862276e-01 1.0048334323177444e+00 1.5172915118207339e-01 2.3834786460305029e+01 -4.1275832758903686e-01 1.6116941876799650e-03 2.8823599581582720e+01 2.7019883847078781e+01 9.7089465313227630e-01 1.0704620885749149e+01 -5.4059079510690210e-03 4.3094055732054118e-02 2.6535869893081678e-03 8.2760067114865346e-02 1.5228718400356797e-01 -8.5256607838760323e-02 -7.0848903122281754e+01 1.9911146786220777e+02 1.5652788337941118e+02 4.2828440515657962e-01
2.6000000000000001e+00 7.1855570595374751e-01 1.0058500561236607e+00 1.4941167154936325e-01 2.4312420039043108e+01 -4.2666070844454151e-01 1.6657022078343403e-03 2.8320174417564807e+01 2.6880993714877800e+01 9.7137172830098883e-01 1.1113161372034938e+01 -5.2734665763453847e-03 4.2457614685767642e-02 2.6359640673208505e-03 7.7355705195126287e-02 1.5236385365721411e-01 -9.0324754756670331e-02 -6.5158198180349046e+01 2.1473000623527312e+02 1.5652787613416112e+02 4.2824139652382731e-01
2.6200000000000001e+00 7.0846316141890242e-01 1.0051432509352136e+00 1.4705010932685392e-01 2.4302459964445855e+01 -4.4606516444799571e-01 1.4831673210908790e-03 2.7988070092301673e+01 2.6714637351732730e+01 9.7103857316204156e-01 1.1343503966345427e+01 -5.1502136693995599e-03 4.1980537037416818e-02 2.6175417140340360e-03 7.3079808278775887e-02 1.5232954294669207e-01 -9.3955362947373000e-02 -6.6871552095088319e+01 2.1655130937729979e+02 1.5652783387234007e+02 4.2819934100339685e-01
2.6399999999999997e+00 6.9987850846416733e-01 1.0051819104038850e+00 1.4488194405842464e-01 2.4574766176588998e+01 -4.1653690183950376e-01 1.4621168249443599e-03 2.7511612838458021e+01 2.6522749356412078e+01 9.7152797564124149e-01 1.1904166773006542e+01 -4.9985018589619448e-03 4.1608867733703592e-02 2.5984363990280649e-03 7.3320408685540808e-02 1.5220112135283714e-01 -9.7147568664897918e-02 -7.0270144521495169e+01 2.2047253072282871e+02 1.5652781151493215e+02 4.2816745193272721e-01
2.6600000000000001e+00 6.9486952145864100e-01 1.0053366277682656e+00 1.4141929455943020e-01 2.4758145256834830e+01 -4.3698299211547537e-01 1.3797926450161387e-03 2.6957988594328484e+01 2.6311108083298912e+01 9.7269222767800956e-01 1.2351081461798485e+01 -4.7902984906948113e-03 4.1339445431361879e-02 2.5788585140395824e-03 7.2507033331954518e-02 1.5198847053057324e-01 -9.7316669806242040e-02 -6.8610152613341469e+01 2.1973452405140424e+02 1.5652780378071844e+02 4.2814201470681484e-01
2.6800000000000002e+00 6.8791265042690686e-01 1.0052084730852855e+00 1.3867815725280783e-01 2.4994381874530077e+01 -4.0777692557450451e-01 1.3558959348398921e-03 2.6189271314024179e+01 2.6083855973142057e+01 9.7285198623803337e-01 1.2855835144435908e+01 -4.6449401397668346e-03 4.0939474787299666e-02 2.5596526321609784e-03 7.4480481324696396e-02 1.5168736961470558e-01 -9.5126092252010602e-02 -6.4872209518198147e+01 2.2328340844006536e+02 1.5652780658768160e+02 4.2811735667057194e-01
2.7000000000000002e+00 6.7800097861118247e-01 1.0059114701652925e+00 1.3609817570148500e-01 2.5134194586568807e+01 -4.1637071695264538e-01 1.2792212190695560e-03 2.5536674374756611e+01 2.5838282863971351e+01 9.7280779455608346e-01 1.3388211401577724e+01 -4.4735400964855286e-03 4.0753182737192514e-02 2.5408315866323208e-03 7.8246210043475345e-02 1.5130582550841912e-01 -9.3056156200474360e-02 -6.6498766947167795e+01 2.2128027612127380e+02 1.5652781090063169e+02 4.2809410614486937e-01
2.7199999999999998e+00 6.7494997848756433e-01 1.0055311424368041e+00 1.3508976601198577e-01 2.5171847479857792e+01 -4.2228380671007015e-01 1.3078309945039432e-03 2.4739089862376506e+01 2.5573214925525349e+01 9.7367796356279113e-01 1.3942658885008626e+01 -4.2663348262894519e-03 4.0417675293036644e-02 2.5225236011747949e-03 7.9601863336126288e-02 1.5084714491188292e-01 -8.9402929877873641e-02 -6.5735298441616479e+01 2.1319464736983412e+02 1.5652781215902132e+02 4.2807502336719155e-01
2.7399999999999998e+00 6.7041214363882362e-01 1.0055153194530508e+00 1.3419826287041725e-01 2.4868161530157138e+01 -4.4002582723362510e-01 1.2566856034483256e-03 2.3879308489633431e+01 2.5289952462843189e+01 9.7415423326461714e-01 1.4105893267070696e+01 -4.1040428465182041e-03 4.0159990804807623e-02 2.5051610410312562e-03 8.2882897114434306e-02 1.5031044310377725e-01 -8.4234702180603180e-02 -5.8860539703717038e+01 2.1560602544590347e+02 1.5652781127745484e+02 4.2805320746823727e-01
2.7600000000000002e+00 6.6464923144074439e-01 1.0065091115586267e+00 1.3292911647810088e-01 2.4643159712410284e+01 -4.3559252747761223e-01 1.3613446285210850e-03 2.2445180427763226e+01 2.4993090484570281e+01 9.7454194296555652e-01 1.4332648286033731e+01 -3.9291659748002111e-03 3.9836105331299554e-02 2.4888552990593644e-03 8.8433033406012343e-02 1.4972969710303993e-01 -7.8988740109065564e-02 -5.8293646366702689e+01 2.1606218952388863e+02 1.5652782710963959e+02 4.2802861403222114e-01
2.7800000000000002e+00 6.5922030837969892e-01 1.0056444511235600e+00 1.3199959589796914e-01 2.4408471832726349e+01 -4.2359234577138677e-01 1.2723026987112339e-03 2.0856877962909582e+01 2.4686305694532809e+01 9.7523968743678968e-01 1.4482173985941090e+01 -3.7788744039776155e-03 3.9870739011150368e-02 2.4736484549423236e-03 9.3408705499403097e-02 1.4912226210252280e-01 -7.2339970519682245e-02 -5.8018388505565412e+01 2.1601883682121348e+02 1.5652783937880764e+02 4.2799588931525562e-01
2.7999999999999998e+00 6.5532833025672876e-01 1.0057681652819124e+00 1.3303860502501483e-01 2.4238019313166873e+01 -4.3308710813156365e-01 1.3016569561131752e-03 1.9060311636848944e+01 2.4371354512803421e+01 9.7463220389811500e-01 1.4789408281502034e+01 -3.6347795411653602e-03 3.9937371333038679e-02 2.4599958887250857e-03 9.8685777157292154e-02 1.4846250409343476e-01 -6.4286418339990770e-02 -5.9926439259713348e+01 2.0834514672775302e+02 1.5652781058913376e+02 4.2795524221964160e-01
2.8199999999999998e+00 6.5050123989912034e-01 1.0075424539617475e+00 1.3413501143555834e-01 2.4266156189688019e+01 -4.2608668553607570e-01 2.0058932238361240e-03 1.7322757873216233e+01 2.4049859687617211e+01 9.7474353862012664e-01 1.5225212714176637e+01 -3.7272221162540711e-03 3.9767690301501554e-02 2.4479016876042623e-03 1.0668120493732725e-01 1.4775442845124767e-01 -5.7045072275922148e-02 -5.4623204121764815e+01 1.9830296348234592e+02 1.5652778759412348e+02 4.2792000423943383e-01
2.8399999999999999e+00 6.4729425050753209e-01 1.0085212751510384e+00 1.3534744706201807e-01 2.4108423214296202e+01 -4.3759287563122945e-01 1.3440801686986812e-03 1.5885501440603679e+01 2.3724701634268651e+01 9.7532369460444446e-01 1.5342317208807129e+01 -4.1897645126178513e-03 3.9844651183203614e-02 2.4371685643708530e-03 1.1483745275120225e-01 1.4701431942411308e-01 -5.0120956698923316e-02 -6.2023916089604079e+01 2.0057624960818970e+02 1.5652777666057867e+02 4.2789112988598893e-01
2.8600000000000003e+00 6.4395844017559367e-01 1.0074328669803396e+00 1.3669495664279588e-01 2.4144636321032571e+01 -4.5205176647758566e-01 1.7582306292213859e-03 1.4735717046155273e+01 2.3399379736366054e+01 9.7629452288660279e-01 1.5541323589119033e+01 -5.4302935623340431e-03 3.9842421486389279e-02 2.4279380335706785e-03 1.1948631202402582e-01 1.4625782871125373e-01 -4.1335489215808069e-02 -5.2381882566373235e+01 2.0152552892962544e+02 1.5652778084982364e+02 4.2786958861144070e-01
2.8799999999999999e+00 6.4128553964390167e-01 1.0060945094719964e+00 1.3840184668390854e-01 2.3957494492809353e+01 -4.3239267729180669e-01 1.4878380290992371e-03 1.3850257260890595e+01 2.3079720011617880e+01 9.7556714169078418e-01 1.5666663647055836e+01 -6.8313298671694748e-03 3.9910838716279776e-02 2.4205769525338342e-03 1.2929714834461531e-01 1.4548452593148792e-01 -3.4145259324544576e-02 -5.4866681838355511e+01 1.9567488527598437e+02 1.5652778448169633e+02 4.2784509779444213e-01
2.8999999999999999e+00 6.3519092802907251e-01 1.0067678601412231e+00 1.3961705906740912e-01 2.3688363591929729e+01 -4.3302944260882942e-01 1.5118106333208308e-03 1.3239944633577176e+01 2.2770160783432850e+01 9.7742616335486132e-01 1.5717585266039517e+01 -8.2380287630654421e-03 3.9867362175778867e-02 2.4143739670260461e-03 1.3783509051081044e-01 1.4471733333592460e-01 -2.4919524580660980e-02 -6.3541654207534059e+01 1.9235875027013515e+02 1.5652778814964287e+02 4.2783133150717340e-01
2.9199999999999999e+00 6.3301948713141987e-01 1.0093635282139071e+00 1.4128606647499747e-01 2.3549211131116873e+01 -4.6188927425219806e-01 1.3592616344849401e-03 1.2901838737819306e+01 2.2477424226288939e+01 9.7682749069156061e-01 1.6059250660748461e+01 -9.2616435340533657e-03 3.9934462354341844e-02 2.4106046543926991e-03 1.3983867909104525e-01 1.4392578056949018e-01 -1.5659418125041669e-02 -5.4543079586341157e+01 2.0100193124840749e+02 1.5652777686782704e+02 4.2780507842510684e-01
2.9399999999999999e+00 6.4220281439868865e-01 1.0082215435145245e+00 1.4243069439518574e-01 2.3685069467032847e+01 -4.5828382791135835e-01 1.3858017369544795e-03 1.2773702441758742e+01 2.2201421421762443e+01 9.7667259698749209e-01 1.6131239473907247e+01 -1.0361328676325532e-02 4.0035292785286725e-02 2.4079665074351877e-03 1.4840904212236322e-01 1.4313195630152936e-01 -9.4747485461996843e-03 -5.4003003275129515e+01 1.9503153771206101e+02 1.5652777280372780e+02 4.2776728377734202e-01
2.9600000000000000e+00 6.5775320669844883e-01 1.0075828106421050e+00 1.4382336585131433e-01 2.3375476482920678e+01 -4.2097936266071700e-01 1.3617462931749650e-03 1.2882866281943956e+01 2.1946636557380348e+01 9.7635684400552603e-01 1.6071072885083783e+01 -1.1329143331364668e-02 4.0266011401690630e-02 2.4068998793070695e-03 1.5443613988222568e-01 1.4234752349566171e-01 -9.8386743801771826e-04 -5.7692531259675462e+01 1.9705943905940362e+02 1.5652778385712901e+02 4.2772246220881721e-01
2.9800000000000000e+00 6.7694494071025269e-01 1.0086451466556616e+00 1.4626297654947001e-01 2.3411506060343104e+01 -4.1781566590968489e-01 1.3697662348847496e-03 1.3247220935582506e+01 2.1710087222265816e+01 9.7520719249643228e-01 1.6112915382396935e+01 -1.2022252059254002e-02 4.0446046485318410e-02 2.4074751628518879e-03 1.5951634702961906e-01 1.4156381175896232e-01 5.6145751245287191e-03 -5.1359423425652039e+01 1.9966130829601198e+02 1.5652777596395137e+02 4.2767935727827305e-01
3.0000000000000000e+00 6.9513112855915637e-01 1.0075858027114475e+00 1.4794717657930473e-01 2.3378957490045028e+01 -4.4208158215680232e-01 1.4751716720802211e-03 1.3837180417489369e+01 2.1491038616503992e+01 9.7596555609648072e-01 1.6012476287329857e+01 -1.2429477498282595e-02 4.0363647475011810e-02 2.4090351795775398e-03 1.6667395081601022e-01 1.4078110106843728e-01 1.0141017127657848e-02 -5.2506982001541921e+01 1.9201573291123660e+02 1.5652776406372107e+02 4.2765849772515524e-01
3.0200000000000000e+00 7.0995702323043641e-01 1.0075014944506824e+00 1.4916587624561770e-01 2.3707559416817240e+01 -4.7942037664064213e-01 1.5997853813612538e-03 1.4495637421722886e+01 2.1291051061384948e+01 9.7744646507609401e-01 1.6272827663362172e+01 -1.2802127733220684e-02 4.0434516348922402e-02 2.4115739293000811e-03 1.7193259789035484e-01 1.4001841206446225e-01 1.5769763122215744e-02 -5.0809096854045485e+01 1.9771761700044411e+02 1.5652775865417283e+02 4.2764638885250733e-01
3.0400000000000000e+00 7.2004484744487085e-01 1.0082433895576990e+00 1.5007558421517470e-01 2.3179558421783305e+01 -4.0190329688657755e-01 1.5141061497748437e-03 1.5115343980885775e+01 2.1112106211747605e+01 9.7724654168795777e-01 1.6119979240068655e+01 -1.3370323867824935e-02 4.0821710418991929e-02 2.4153515697862369e-03 1.7391470531402492e-01 1.3926322605453456e-01 2.1783742065578114e-02 -5.1780373992753482e+01 2.0249085220427872e+02 1.5652775282933584e+02 4.2762509669563825e-01
3.0600000000000001e+00 7.3435391009861728e-01 1.0067928117774125e+00 1.5177237517779460e-01 2.2677257533377130e+01 -3.7910750544146027e-01 1.6364820159261242e-03 1.5555026446198761e+01 2.0952950068071420e+01 9.7597840704138772e-01 1.5833102806439587e+01 -1.4006374429092819e-02 4.0659229786661630e-02 2.4201588530281520e-03 1.7566060667383621e-01 1.3851038720085476e-01 2.5451989097321669e-02 -4.8280459921097545e+01 1.8620267357320017e+02 1.5652776749219669e+02 4.2758770592196710e-01
3.0800000000000001e+00 7.4523884625418457e-01 1.0064652384321486e+00 1.5301816922879558e-01 2.2495862260214448e+01 -3.6952547109285638e-01 1.7417158975754680e-03 1.5842345468989389e+01 2.0811313957877868e+01 9.7584621831465523e-01 1.5565132780075984e+01 -1.4461812049299527e-02 4.0553667226685831e-02 2.4254335884447177e-03 1.7811095368950555e-01 1.3775910872026240e-01 2.7527943864633489e-02 -4.8556118909220167e+01 1.9147796638404978e+02 1.5652778322727474e+02 4.2755809735937689e-01
3.1000000000000001e+00 7.5847220863702813e-01 1.0076712700419446e+00 1.5498060866679669e-01 2.2397667357286039e+01 -4.0154719977303227e-01 1.7029453106524931e-03 1.6038734584571298e+01 2.0687700621286158e+01 9.7629177900142572e-01 1.5672385739117999e+01 -1.4950139971126786e-02 4.0483587633845332e-02 2.4311453047343541e-03 1.7778780555899465e-01 1.3702158462236708e-01 2.9675372642850504e-02 -4.5907726861827655e+01 1.9292341498870218e+02 1.5652776615510010e+02 4.2752532240005192e-01
3.1200000000000001e+00 7.6584992598058277e-01 1.0083521619855051e+00 1.5573147498938494e-01 2.1991886456450505e+01 -4.2955409557792568e-01 1.7966365376048919e-03 1.6353523781546663e+01 2.0583081196929118e+01 9.7516138947406894e-01 1.5083232992455210e+01 -1.4818510391738232e-02 4.0313626258514437e-02 2.4371761181607339e-03 1.7592820231598255e-01 1.3627955401044578e-01 2.9599079593055650e-02 -4.7011025233281153e+01 2.0517212897128152e+02 1.5652775095995017e+02 4.2748304612646598e-01
3.1399999999999997e+00 7.7475157003539752e-01 1.0074419680363289e+00 1.5687943571883603e-01 2.1536265206071697e+01 -4.1509763912724668e-01 1.7337133028983535e-03 1.6682778538697736e+01 2.0492403708620120e+01 9.7415088311767439e-01 1.4777498012528655e+01 -1.4622009153694859e-02 4.0061494439132553e-02 2.4428781964134392e-03 1.7333713129308195e-01 1.3554301604135865e-01 2.8047123323597715e-02 -4.1291950825937782e+01 1.7732534771855245e+02 1.5652775084626259e+02 4.2744224965023797e-01
3.1600000000000001e+00 7.8567375383858240e-01 1.0065501289888124e+00 1.5832603258777880e-01 2.1151113979451289e+01 -3.7978098645646979e-01 2.0507531388003885e-03 1.6971170888183210e+01 2.0415910550034269e+01 9.7260751064310558e-01 1.4287718225825573e+01 -1.4371934301234970e-02 3.9951801977261059e-02 2.4482589308540688e-03 1.7309646540117665e-01 1.3479960815373143e-01 2.4170680428172730e-02 -4.4054183270776939e+01 1.7763410827778472e+02 1.5652774288117121e+02 4.2741318169553610e-01
3.1800000000000002e+00 7.9495984390741325e-01 1.0067289856610042e+00 1.5970201254137248e-01 2.1380715857224793e+01 -4.1254410020101356e-01 1.9546984596261500e-03 1.7346375977438399e+01 2.0350209888357973e+01 9.7531908254166633e-01 1.4023998746391142e+01 -1.4096356924162529e-02 3.9687594393876868e-02 2.4524947103043994e-03 1.6762018550791818e-01 1.3407479147841850e-01 1.9469436302431344e-02 -4.4085212750003620e+01 1.7334163424644331e+02 1.5652772637446051e+02 4.2740078376094304e-01
3.2000000000000002e+00 7.9855958312996089e-01 1.0062861126501426e+00 1.6015811048393644e-01 2.0796248356031981e+01 -3.9301542523267119e-01 2.1254532692269032e-03 1.7635112409529519e+01 2.0299776120734329e+01 9.7495431137817667e-01 1.3554223841428716e+01 -1.3788687957501478e-02 3.9394633525822113e-02 2.4560985962607980e-03 1.5970573921218081e-01 1.3333241122800724e-01 1.6249839190370850e-02 -3.9408153793052172e+01 1.7342347522431254e+02 1.5652773353250149e+02 4.2737581976491734e-01
3.2200000000000002e+00 8.0273005615330528e-01 1.0071953533496856e+00 1.6055768973796430e-01 2.0972486852655503e+01 -3.9932181857964960e-01 1.9680242311318802e-03 1.8013499286457723e+01 2.0262180262753752e+01 9.7253240579754818e-01 1.3103683384509482e+01 -1.3232782962471008e-02 3.8778025921720513e-02 2.4588688725414370e-03 1.5078572186991263e-01 1.3254837231812477e-01 1.0697680016480358e-02 -4.1127117059421771e+01 1.7840603531056172e+02 1.5652773292123618e+02 4.2733346965520735e-01
3.2399999999999998e+00 8.0516003041282824e-01 1.0067467764144800e+00 1.6085410201191327e-01 2.0543575000408694e+01 -3.9388649462396402e-01 2.3132766166549393e-03 1.8335585872300886e+01 2.0230637111612968e+01 9.7136082583592787e-01 1.2710130205293456e+01 -1.2360091642121516e-02 3.8412788207921197e-02 2.4602526146934806e-03 1.4621462493533322e-01 1.3172143328059294e-01 2.9646709386020923e-03 -3.8547617193471147e+01 1.7230946341333564e+02 1.5652775263254000e+02 4.2729134816773090e-01
3.2600000000000002e+00 8.0747174617823736e-01 1.0067556625536007e+00 1.6127040373366905e-01 2.0394448863760221e+01 -3.9205368980867389e-01 2.5721277637191673e-03 1.8615061106577212e+01 2.0205188251745607e+01 9.7118158542506017e-01 1.2228411438023000e+01 -1.1345778940375483e-02 3.7919553890368121e-02 2.4600524257263083e-03 1.3811457689179285e-01 1.3087025704289526e-01 -4.6936349533855211e-03 -3.8095984877248085e+01 1.7435663363718461e+02 1.5652777897123437e+02 4.2726591975117079e-01
3.2799999999999998e+00 8.0634340488372747e-01 1.0070888393016706e+00 1.6109613191944572e-01 2.0378266398346685e+01 -3.8929919088647219e-01 2.8072228750617573e-03 1.8990565557951403e+01 2.0183202509053100e+01 9.7207489885905651e-01 1.1909763878506649e+01 -1.0537344631809664e-02 3.7563499591087998e-02 2.4584518114871222e-03 1.3032862010561427e-01 1.2999126250031709e-01 -1.0826342941114920e-02 -3.6497889848139224e+01 1.8940272257073568e+02 1.5652776757355619e+02 4.2724749038124094e-01
3.2999999999999998e+00 8.0636675433100868e-01 1.0061172432288661e+00 1.6101921317733500e-01 2.0418263616097335e+01 -4.0771410594156843e-01 2.6980566055051403e-03 1.9232057710140822e+01 2.0166065634383141e+01 9.7104696520521860e-01 1.1539815592111188e+01 -9.8526013342661901e-03 3.7279487964187882e-02 2.4557271707786937e-03 1.2161637283418211e-01 1.2907576485465305e-01 -1.6992615521433500e-02 -3.4239292412811707e+01 1.8003277305769319e+02 1.5652775051602842e+02 4.2722057951678311e-01
3.3200000000000003e+00 8.0351812661805899e-01 1.0058886716036204e+00 1.6062257680921671e-01 2.0168235776705814e+01 -4.2354467706009902e-01 2.8454904351211362e-03 1.9513926985742110e+01 2.0151115987818663e+01 9.7073076421411675e-01 1.1130772652643932e+01 -9.2096992941952636e-03 3.6816573532174657e-02 2.4516337981712439e-03 1.1545363888473453e-01 1.2812194068583679e-01 -2.3697346914134099e-02 -3.6390578037264206e+01 1.7091537919814397e+02 1.5652774607779273e+02 4.2718993922451959e-01
3.3399999999999999e+00 8.0174375488758831e-01 1.0064816447673397e+00 1.6021423006369356e-01 2.0015178448647632e+01 -4.0884769900631707e-01 2.5888557515148726e-03 1.9801786098032412e+01 2.0137376059743001e+01 9.7019325503392040e-01 1.0978584380008256e+01 -8.5523871917793613e-03 3.6350022387673889e-02 2.4462905964507189e-03 1.0660223819451792e-01 1.2712867613516060e-01 -2.9509338726247121e-02 -3.8000570208464978e+01 1.6756924441114339e+02 1.5652773690920483e+02 4.2715274425033350e-01
3.3600000000000003e+00 8.0148233500086297e-01 1.0061701585596823e+00 1.6016182648974761e-01 2.0046538090984818e+01 -4.0198215287997968e-01 2.6689551877294706e-03 1.9960105391751579e+01 2.0123020005607877e+01 9.6925407679808739e-01 1.0876651364353110e+01 -8.0611129503423400e-03 3.5965037391574625e-02 2.4398328494572435e-03 1.0072205058510790e-01 1.2608152362053335e-01 -3.5463066928941175e-02 -4.2066820928181563e+01 1.7851675835867741e+02 1.5652771059233714e+02 4.2711792820401551e-01
3.3799999999999999e+00 7.9576921791313648e-01 1.0058773544508568e+00 1.5922944522853491e-01 2.0446363195645993e+01 -3.9352206851826427e-01 2.4158420207026680e-03 1.9959043014590282e+01 2.0104617734183787e+01 9.7010945052268038e-01 1.0815887978384234e+01 -7.5207031387276718e-03 3.5313368811756576e-02 2.4321419940096867e-03 9.4980422081935065e-02 1.2499138756884308e-01 -4.1006880454304305e-02 -3.3960202807348672e+01 1.6141529633211874e+02 1.5652770328517974e+02 4.2709220666837916e-01
3.3999999999999999e+00 7.9323754469327779e-01 1.0067816530538523e+00 1.5874170076295271e-01 2.0223476991047562e+01 -4.2292690778329506e-01 1.6856797156312342e-03 1.9777683434159986e+01 2.0085146865965992e+01 9.7056851808682454e-01 1.0736971622577324e+01 -6.9960430066172124e-03 3.4543437260317764e-02 2.4235563392724464e-03 8.9117545126639844e-02 1.2385999797053768e-01 -4.4266841779152938e-02 -3.3719407704149951e+01 1.5617501717547074e+02 1.5652769700698923e+02 4.2706155684575803e-01
3.4200000000000004e+00 7.8678490713144256e-01 1.0071095643074053e+00 1.5746041365018720e-01 2.0150811588146652e+01 -4.0499320641396902e-01 1.4930646367259516e-03 1.9476520041550891e+01 2.0065108853294067e+01 9.6844929310558148e-01 1.0795533348395409e+01 -6.3434749807866203e-03 3.3840105933998159e-02 2.4144950280626672e-03 8.4324961155557945e-02 1.2266742778267332e-01 -4.6727529715822377e-02 -3.5298975852088823e+01 1.5899663585003617e+02 1.5652772458632856e+02 4.2702318173861314e-01
3.4399999999999999e+00 7.8342168947141511e-01 1.0067052836812347e+00 1.5690243105312154e-01 2.0295224260855459e+01 -4.2919088432435371e-01 1.6936915708612361e-03 1.9094300199411880e+01 2.0039589829055100e+01 9.6900953755307229e-01 1.0940600938217807e+01 -5.8409793127536681e-03 3.2930923440735574e-02 2.4048975421510550e-03 8.1986840146914222e-02 1.2142258062277821e-01 -4.8826163089182112e-02 -3.3424522466464786e+01 1.7652362320430606e+02 1.5652776976631333e+02 4.2699744031642206e-01
3.4600000000000000e+00 7.7876450058315372e-01 1.0062145750859948e+00 1.5590685670182983e-01 2.0523696728671766e+01 -4.2260518823553916e-01 1.3619904759407989e-03 1.8566739121685693e+01 2.0010463095572234e+01 9.6878881701045672e-01 1.1249607629374347e+01 -5.2929397245033228e-03 3.2185263865279243e-02 2.3950176883565334e-03 8.1068125326390697e-02 1.2015226092360320e-01 -5.0175786775144837e-02 -3.2238686419978428e+01 1.5981051262771680e+02 1.5652777480186595e+02 4.2698636355781033e-01
3.4800000000000004e+00 7.7237279166059147e-01 1.0057973118793200e+00 1.5448868573005711e-01 2.0956996391085902e+01 -4.4613514440671725e-01 1.6953639505865863e-03 1.8060886388125240e+01 1.9976909501794164e+01 9.6993392621626939e-01 1.1511337780529715e+01 -4.6902156510938379e-03 3.1599088178753142e-02 2.3849204130374116e-03 8.1874128571855734e-02 1.1887772435826946e-01 -5.0331694719732360e-02 -3.2992587343261228e+01 1.6320134336823375e+02 1.5652775212982718e+02 4.2698886723467466e-01
3.5000000000000000e+00 7.7109172194805742e-01 1.0053005094028991e+00 1.5405153956414669e-01 2.1125853752052731e+01 -4.6674911145245945e-01 1.5486727484610419e-03 1.7636630598456282e+01 1.9939311145802044e+01 9.7244261837082957e-01 1.2015497079843328e+01 -4.3938750739324559e-03 3.0970764188262518e-02 2.3750998834138680e-03 8.1600474362250333e-02 1.1760296520072200e-01 -4.6714643808099775e-02 -3.4958896895883697e+01 1.6658306200514653e+02 1.5652773956922454e+02 4.2697998316825886e-01
3.5200000000000005e+00 7.6859367165442993e-01 1.0053530927828001e+00 1.5360088866023175e-01 2.1058661379548155e+01 -5.0419494918299590e-01 1.3864445029393871e-03 1.7256320277016854e+01 1.9902613221315562e+01 9.7121058953655592e-01 1.2177039400922846e+01 -4.1137914944602023e-03 3.0266822242420149e-02 2.3663511699370918e-03 8.0031207586741954e-02 1.1630529254005102e-01 -4.1142251724446390e-02 -3.2444515956563599e+01 1.6534192130014264e+02 1.5652774484613201e+02 4.2693831956001099e-01
3.5400000000000000e+00 7.6440414343705321e-01 1.0065912512937647e+00 1.5277406127288709e-01 2.1385199386655074e+01 -4.6994165333867000e-01 1.2807444135354775e-03 1.7031507009554925e+01 1.9866606424779295e+01 9.6870659087833411e-01 1.2671861819098966e+01 -4.0939965786055315e-03 2.9596410067122204e-02 2.3585788886934128e-03 8.3022353584255401e-02 1.1497710864923562e-01 -3.7121365228753402e-02 -3.3580661529058922e+01 1.6565411274448763e+02 1.5652771599042990e+02 4.2687958675215931e-01
3.5600000000000001e+00 7.5778358308403093e-01 1.0072732273577105e+00 1.5159469609170378e-01 2.0809418859536962e+01 -4.4259635562725069e-01 1.8282348424770527e-03 1.6873764534510787e+01 1.9827285760587039e+01 9.6860507019625863e-01 1.2947893768413904e+01 -4.2543782049397003e-03 2.8797751352814750e-02 2.3514938594124449e-03 8.9169920178629417e-02 1.1365268498539093e-01 -3.3330689489439187e-02 -3.2490033993234924e+01 1.5824069875497037e+02 1.5652770432905979e+02 4.2683180526770931e-01
3.5800000000000005e+00 7.5301704469883346e-01 1.0082112974616528e+00 1.5062721784666652e-01 2.1027131304096390e+01 -4.6295244667281549e-01 1.6261643529079310e-03 1.6860702893606458e+01 1.9787906797066519e+01 9.6888951389833489e-01 1.3188554840413889e+01 -4.3284683992730342e-03 2.8072979869929161e-02 2.3453326757656972e-03 9.3049996460073198e-02 1.1235519687147354e-01 -2.7906037563342489e-02 -3.2479332638378047e+01 1.6181981027003374e+02 1.5652767964453068e+02 4.2680479145620348e-01
3.6000000000000001e+00 7.4779657129903931e-01 1.0085440734242723e+00 1.4951985122793515e-01 2.0927662713221626e+01 -4.5000470036909918e-01 1.9738424502671261e-03 1.6970914523037809e+01 1.9749799842780558e+01 9.6890309338669856e-01 1.3141730304899641e+01 -4.7275878499919068e-03 2.7427398131459047e-02 2.3403751212900197e-03 9.8915722120182556e-02 1.1107884556583530e-01 -2.1846329634869877e-02 -3.0707355159991273e+01 1.5639559282014790e+02 1.5652767190165756e+02 4.2678896523954052e-01
3.6200000000000001e+00 7.4609589650727093e-01 1.0073697739051246e+00 1.4924014759478083e-01 2.0791557838155217e+01 -4.6371609845809220e-01 1.5568116149713032e-03 1.7071610175615394e+01 1.9710660543924597e+01 9.6997930537752330e-01 1.3196231785147004e+01 -5.2250878707621315e-03 2.6915828642620914e-02 2.3366034738660363e-03 1.0292342252100514e-01 1.0983243606340999e-01 -1.5698887221704219e-02 -2.9869479113348113e+01 1.5126316367797199e+02 1.5652773072172701e+02 4.2679042026362851e-01
3.6399999999999997e+00 7.4118661386660778e-01 1.0050866160356404e+00 1.4830866793375694e-01 2.0718385823069426e+01 -4.7922214166059524e-01 1.5807750301865178e-03 1.7215365221781383e+01 1.9673063825416417e+01 9.7050706397042819e-01 1.3185002746748683e+01 -5.8053267616037805e-03 2.6590830284295340e-02 2.3340914353388465e-03 1.0681172815143136e-01 1.0861431996092058e-01 -9.5381803985618262e-03 -2.9821116212860108e+01 1.4669350579673358e+02 1.5652777051693892e+02 4.2678604638119988e-01
3.6600000000000001e+00 7.3476816332229267e-01 1.0049799607072034e+00 1.4679052610429225e-01 2.0761486835175003e+01 -4.8200129531077696e-01 1.7224540520295495e-03 1.7303262704548114e+01 1.9639779055898099e+01 9.6978305131666853e-01 1.3045084564074624e+01 -6.5769292853997772e-03 2.6127093670195122e-02 2.3327405174884026e-03 1.1149179749108787e-01 1.0742637785933883e-01 -4.3058716470900501e-03 -2.8679991125214858e+01 1.5290129462779689e+02 1.5652776707812870e+02 4.2677558418224620e-01
3.6800000000000006e+00 7.3372280479091390e-01 1.0066567764895153e+00 1.4652557351969148e-01 2.0499829906288813e+01 -4.9347934236365049e-01 1.6950783391252457e-03 1.7335422078818304e+01 1.9608974787644414e+01 9.7076206069830129e-01 1.2856981890113586e+01 -6.9844372510631993e-03 2.5685525442224483e-02 2.3323631032254959e-03 1.1465540730532357e-01 1.0627262762079609e-01 9.0203274735968638e-04 -2.8624606574038630e+01 1.4857201734105806e+02 1.5652774350656679e+02 4.2675832670192693e-01
3.7000000000000002e+00 7.3085350099531721e-01 1.0062626786782249e+00 1.4605480418385389e-01 2.0377389710909927e+01 -5.0294767326972778e-01 1.5456978636323826e-03 1.7514477521282764e+01 1.9578708765471152e+01 9.7013970416837281e-01 1.2786376453234158e+01 -7.4420553139761007e-03 2.5335983578008071e-02 2.3331109089122499e-03 1.1640148921718610e-01 1.0514938639510589e-01 6.5526252808752400e-03 -2.9228988316241765e+01 1.4173796947879734e+02 1.5652774686349298e+02 4.2672394063881408e-01
3.7200000000000002e+00 7.2543367571917527e-01 1.0060744685949004e+00 1.4509086839771229e-01 2.0568067562873640e+01 -5.3210956464487147e-01 1.4268335439684022e-03 1.7645938578995690e+01 1.9552393969419466e+01 9.6796298535550951e-01 1.2637865296513743e+01 -7.7051575009414730e-03 2.4935425719486932e-02 2.3348896881359646e-03 1.1785796639504467e-01 1.0405359123527215e-01 1.0567116230739380e-02 -2.8213484907019293e+01 1.4449182737655497e+02 1.5652772473168349e+02 4.2667259711499061e-01
3.7399999999999998e+00 7.2473768178308440e-01 1.0066338511078468e+00 1.4486952887724619e-01 2.0493572008749723e+01 -5.1232557244556198e-01 2.0090171301531908e-03 1.7692222287975984e+01 1.9528890654252862e+01 9.6668444690025290e-01 1.2402283361673280e+01 -7.9126837766426931e-03 2.4529838128134439e-02 2.3372268960980451e-03 1.2329247854710632e-01 1.0298962671339150e-01 1.2553756314963716e-02 -2.8300975185777020e+01 1.4371509711670586e+02 1.5652771705047803e+02 4.2662522904567807e-01
3.7600000000000002e+00 7.2025206229153138e-01 1.0065987838733654e+00 1.4400478527892044e-01 2.0271351533263203e+01 -4.7937648389469573e-01 2.1092826054398542e-03 1.7719279496721150e+01 1.9504997463373652e+01 9.6839286499856581e-01 1.2053820657871359e+01 -7.8517912176688607e-03 2.4272652874835536e-02 2.3399299217580828e-03 1.2453737076477284e-01 1.0197245938332372e-01 1.5096390106035704e-02 -2.7498164406270135e+01 1.3812894975004298e+02 1.5652769387448063e+02 4.2660387880842415e-01
3.7800000000000002e+00 7.1870697105827530e-01 1.0070515520162273e+00 1.4380205383070527e-01 2.0229491749394256e+01 -4.3792810994557041e-01 1.7132705600282545e-03 1.7694672490401182e+01 1.9484785868744755e+01 9.6854891076469241e-01 1.1724365821508117e+01 -7.7585883283405902e-03 2.3971120570194692e-02 2.3433037627332894e-03 1.2401040385103079e-01 1.0098374857873060e-01 1.8471744908233910e-02 -2.8011370176589377e+01 1.5235241254028546e+02 1.5652766693676739e+02 4.2659055610331320e-01
3.7999999999999998e+00 7.1604199858086248e-01 1.0069306803906091e+00 1.4356042254805831e-01 2.0210796214139631e+01 -4.4017141620462219e-01 1.6884880091873728e-03 1.7590293189298716e+01 1.9468143307087573e+01 9.6744332323516824e-01 1.1564705990149026e+01 -7.4461377062575622e-03 2.3851699613551443e-02 2.3472732849634330e-03 1.2625127605863293e-01 1.0002281994696262e-01 2.0972220178228820e-02 -2.8805759275565890e+01 1.3939301062739582e+02 1.5652768839341209e+02 4.2657634371686415e-01
3.8200000000000003e+00 7.1738525549147136e-01 1.0065113379608939e+00 1.4364244786445901e-01 2.0159935335036330e+01 -4.1977605552135439e-01 1.8103389339530832e-03 1.7481352784744406e+01 1.9453837477623146e+01 9.6780606988432993e-01 1.1490003215874662e+01 -7.1927621635409916e-03 2.3618277385854699e-02 2.3516416139610853e-03 1.2672769020519539e-01 9.9087521134635745e-02 2.2563191140400628e-02 -2.7698057134370078e+01 1.4248613682749377e+02 1.5652773273748448e+02 4.2656608001107288e-01
3.8399999999999999e+00 7.2222124749657834e-01 1.0048133966577690e+00 1.4463161153594561e-01 2.0213081349609858e+01 -4.6144805291435642e-01 1.6774987267527859e-03 1.7318112339499958e+01 1.9439753947986997e+01 9.6789390533813391e-01 1.1581610821999050e+01 -6.7771562624931118e-03 2.3423643638072752e-02 2.3562994031527010e-03 1.2843404435797826e-01 9.8183527435884252e-02 2.4187390763601019e-02 -2.8503035320819208e+01 1.4060663711331333e+02 1.5652775566797050e+02 4.2655705904455060e-01
3.8600000000000003e+00 7.2624375154836363e-01 1.0042172386279167e+00 1.4529016735848371e-01 2.0393914100650186e+01 -4.8813094581861372e-01 1.8385369703510178e-03 1.7193449017633458e+01 1.9426973908759152e+01 9.6839734441715541e-01 1.1716019397100007e+01 -6.3172025995950638e-03 2.3304052204613301e-02 2.3613610495104662e-03 1.2982328224915327e-01 9.7313326734738290e-02 2.6539377074546459e-02 -2.8549337308596662e+01 1.3876218445447904e+02 1.5652775462220688e+02 4.2655455846708290e-01
3.8800000000000003e+00 7.2750278480761410e-01 1.0052720452274808e+00 1.4544841694441707e-01 2.0521073604236317e+01 -4.9963498519432059e-01 1.9556754855150982e-03 1.7098396141213474e+01 1.9416878247827608e+01 9.7077041492880978e-01 1.2044418342676508e+01 -5.7199687901587897e-03 2.3094203804248741e-02 2.3669790315258405e-03 1.3127496649780884e-01 9.6476546064071050e-02 3.0033135987342717e-02 -2.8227860869621612e+01 1.4195151428710278e+02 1.5652775734368120e+02 4.2654369332557013e-01
3.8999999999999999e+00 7.2790353200636881e-01 1.0060546827849710e+00 1.4536849424548817e-01 2.0678884639924526e+01 -4.8373011004300320e-01 1.6171788957303249e-03 1.6949677865324972e+01 1.9411387299352555e+01 9.6863863660501703e-01 1.2162290853074888e+01 -5.2302135574677179e-03 2.2892550582090408e-02 2.3733841359672892e-03 1.3165207376021854e-01 9.5663313039969236e-02 3.3667327258300822e-02 -2.7741227430463965e+01 1.3703009095187647e+02 1.5652773742777688e+02 4.2650249849943234e-01
3.9200000000000004e+00 7.2936581569736503e-01 1.0050463024741996e+00 1.4562168050079904e-01 2.0619492153686853e+01 -4.6953342859467617e-01 1.6173149774562745e-03 1.6761749991565054e+01 1.9407906759675157e+01 9.6675405242048718e-01 1.2183363401490325e+01 -4.7952065653430265e-03 2.2808779125053597e-02 2.3804045684376603e-03 1.3368787808656102e-01 9.4870060864489333e-02 3.6426439867458284e-02 -2.8810439367551606e+01 1.3830095997530756e+02 1.5652771736127096e+02 4.2644579292417456e-01
3.9399999999999999e+00 7.3365322002480815e-01 1.0055760739096784e+00 1.4653533645853761e-01 2.0620314610556949e+01 -4.8204682478595168e-01 1.7180308070554920e-03 1.6593166205031888e+01 1.9404819036797441e+01 9.6665304076335323e-01 1.2408554381403327e+01 -4.5704077231995188e-03 2.2764791382865839e-02 2.3879637593851055e-03 1.3797489447203778e-01 9.4111226660038239e-02 3.9358359304110052e-02 -2.9347425744909550e+01 1.4183222619319835e+02 1.5652769868401239e+02 4.2640557928742245e-01
3.9600000000000000e+00 7.3144572841213640e-01 1.0072220029050236e+00 1.4622846058983055e-01 2.0973058145242138e+01 -4.9806298519891112e-01 1.4699850011207554e-03 1.6405743138636357e+01 1.9404547283412640e+01 9.6853008600623358e-01 1.2844122384195090e+01 -4.5455997142331899e-03 2.2594031729021673e-02 2.3961925631864668e-03 1.4043472591169079e-01 9.3398126403590076e-02 4.3133191515650988e-02 -2.8283721443951386e+01 1.4270223131706618e+02 1.5652767885632150e+02 4.2638613732241126e-01
3.9800000000000004e+00 7.2892053803818457e-01 1.0075727349059940e+00 1.4574414526159235e-01 2.0662966409655798e+01 -4.7773304326562305e-01 1.5151444955865154e-03 1.6440625401183539e+01 1.9410231932604496e+01 9.6699362335513717e-01 1.2789774773153470e+01 -4.5557575160417229e-03 2.2463094543823049e-02 2.4052280316278819e-03 1.4325179789941081e-01 9.2718789610838445e-02 4.7057271651543879e-02 -2.7706812283691118e+01 1.3442912797108141e+02 1.5652768467526295e+02 4.2637447067625134e-01
4.0000000000000000e+00 7.3106132163071058e-01 1.0055400214746399e+00 1.4612754704523850e-01 2.0763552535543479e+01 -4.7672112017725771e-01 1.3317679054486152e-03 1.6491493208501133e+01 1.9417160567460964e+01 9.6735745512949911e-01 1.2939660024085846e+01 -4.6045103849770121e-03 2.2341742816921632e-02 2.4149990867423097e-03 1.4694202194591688e-01 9.2081154019054118e-02 5.0578365140695310e-02 -3.0382670066810345e+01 1.4022062695834256e+02 1.5652770707023777e+02 4.2637491753011320e-01
4.0200000000000005e+00 7.3166905424799988e-01 1.0046737707875799e+00 1.4627491870145826e-01 2.0934722604450169e+01 -5.0617635992683607e-01 1.3853325456693016e-03 1.6494246092053320e+01 1.9425619285501291e+01 9.6870314422506232e-01 1.3067827385951706e+01 -4.9497286896190169e-03 2.2244518302607059e-02 2.4254784958681382e-03 1.4958741861618208e-01 9.1480428731734453e-02 5.4415303958107994e-02 -2.9802166337701824e+01 1.3687627199383897e+02 1.5652772426602141e+02 4.2638068659880163e-01
4.0400000000000000e+00 7.3238327394082292e-01 1.0037253545133715e+00 1.4655461474662529e-01 2.0750658820862519e+01 -4.9930208076285787e-01 1.5432234004129134e-03 1.6514110191979249e+01 1.9437674381275585e+01 9.6931932069324900e-01 1.2943590075508633e+01 -5.1948700662354051e-03 2.2273471886379070e-02 2.4368082007708508e-03 1.5388840097864059e-01 9.0918542437656527e-02 5.8995777264724339e-02 -3.0908406189783850e+01 1.3362727456000906e+02 1.5652773498838849e+02 4.2637890386864230e-01
4.0600000000000005e+00 7.3275357504911776e-01 1.0039988088416154e+00 1.4648317256750201e-01 2.0737701287733447e+01 -4.8275674212799913e-01 1.4314017726989037e-03 1.6569211276443262e+01 1.9454834397421006e+01 9.6920778038191346e-01 1.2797547423730979e+01 -5.4031248171517703e-03 2.2297382045528488e-02 2.4491042143567495e-03 1.5718838918572414e-01 9.0392129451932646e-02 6.4078209761123911e-02 -3.1945258492984017e+01 1.4027295092744379e+02 1.5652775144946546e+02 4.2636133794065834e-01
4.0800000000000001e+00 7.3147577758991744e-01 1.0058212473092072e+00 1.4639037028586338e-01 2.0646149701252980e+01 -4.8992994457641276e-01 1.4085855066074380e-03 1.6700899708314015e+01 1.9476892780598259e+01 9.6853032564881636e-01 1.2712578424075717e+01 -5.5683877143394298e-03 2.2265668790801694e-02 2.4624149692158595e-03 1.6023475959647518e-01 8.9895462177094002e-02 6.8796817934474480e-02 -3.1408485084807584e+01 1.3432101470770979e+02 1.5652773663048546e+02 4.2632142219314617e-01
4.0999999999999996e+00 7.3032055326320600e-01 1.0066821346305910e+00 1.4621569108822743e-01 2.0648233024601598e+01 -4.5204585880403214e-01 1.5114898010491027e-03 1.6821270722725238e+01 1.9501574641486759e+01 9.6652758191124466e-01 1.2563211737344297e+01 -5.8078311315375355e-03 2.2313455038243966e-02 2.4765449400015100e-03 1.6267352026048273e-01 8.9429375860691787e-02 7.2045199405266241e-02 -3.0354093765221002e+01 1.3777171125813328e+02 1.5652771707535652e+02 4.2627232276626686e-01
4.1200000000000001e+00 7.3254452395776837e-01 1.0059640459665922e+00 1.4654011758731650e-01 2.0485488056521604e+01 -4.6287349592192173e-01 1.5463036184512760e-03 1.6905196262367923e+01 1.9527727769332422e+01 9.6667706674742282e-01 1.2357458915898686e+01 -5.9979145004255569e-03 2.2399395066608836e-02 2.4912216428862005e-03 1.6789916562176257e-01 8.8998876302171875e-02 7.5184434461130434e-02 -3.0357393751304816e+01 1.3491595716171310e+02 1.5652770015159848e+02 4.2624006085123389e-01
4.1399999999999997e+00 7.3253258937003463e-01 1.0059980297931452e+00 1.4641317136480092e-01 2.0350491205537491e+01 -4.4588718510713193e-01 1.5367831035896068e-03 1.6926725927644771e+01 1.9556896082182984e+01 9.6674389623579848e-01 1.2208896233947980e+01 -6.1649741637026150e-03 2.2489945153266189e-02 2.5066491251468435e-03 1.7081600709458272e-01 8.8609961423472008e-02 7.8919218253621595e-02 -3.0400883680223465e+01 1.3785259078315073e+02 1.5652767603226391e+02 4.2622516850684078e-01
4.1600000000000001e+00 7.3462822292992802e-01 1.0058199170488136e+00 1.4673210864396491e-01 2.0458396496500651e+01 -4.9996142775508079e-01 1.5837691393350470e-03 1.6982388598829658e+01 1.9590777035583262e+01 9.6766609835059658e-01 1.2098226783896248e+01 -6.3124635068555895e-03 2.2591758479031283e-02 2.5228058076718096e-03 1.7398698627607947e-01 8.8258018198923052e-02 8.2892104807976638e-02 -3.2107528106692151e+01 1.3755037223228342e+02 1.5652767809394933e+02 4.2621916460085280e-01
4.1800000000000006e+00 7.3452916622135755e-01 1.0057400997666543e+00 1.4671948195466500e-01 2.0569386509951489e+01 -5.1669158619533917e-01 1.6699519804520631e-03 1.7025079279717080e+01 1.9628790776574434e+01 9.6815750536656786e-01 1.2036146176955244e+01 -6.3155034874779539e-03 2.2550972336233537e-02 2.5398121344776909e-03 1.7677346704020869e-01 8.7942148985340210e-02 8.7036894345054905e-02 -3.3005895370267616e+01 1.3564085824224227e+02 1.5652769439378756e+02 4.2621069709256898e-01
4.2000000000000002e+00 7.3218945723384710e-01 1.0055783344324356e+00 1.4625245033153716e-01 2.0655562091074994e+01 -4.6069038717114297e-01 1.6532294416684312e-03 1.7008775737967834e+01 1.9670538471827243e+01 9.6704899032470182e-01 1.2037650321830268e+01 -6.2269448089988478e-03 2.2497418394272359e-02 2.5575846659938312e-03 1.7990884848140243e-01 8.7656024269197053e-02 9.0492762699070445e-02 -3.3025382338368111e+01 1.3567471040963855e+02 1.5652770963588628e+02 4.2619799655479018e-01
4.2200000000000006e+00 7.3236107616252177e-01 1.0053732527751567e+00 1.4631631890185809e-01 2.0702384314732452e+01 -4.7474910352832944e-01 1.9349688541756677e-03 1.6999509477983906e+01 1.9714070311088463e+01 9.6730803339759241e-01 1.1989701382745841e+01 -6.3441408507194531e-03 2.2508683304888501e-02 2.5759914452948805e-03 1.8370002067114616e-01 8.7401953315300734e-02 9.3570409059423904e-02 -3.3691082695924187e+01 1.4126787636233655e+02 1.5652771471606738e+02 4.2619152791416393e-01
4.2400000000000002e+00 7.3288719928670498e-01 1.0055304544065813e+00 1.4639995731246527e-01 2.1073513903801004e+01 -4.6505933640715924e-01 2.0688363188125182e-03 1.6894425153721809e+01 1.9758880621305217e+01 9.6872035237875354e-01 1.2134418482150597e+01 -6.2713386023281244e-03 2.2605922094173909e-02 2.5950576637315649e-03 1.8801472669969629e-01 8.7182243417692859e-02 9.7477991220639049e-02 -3.2505636923108085e+01 1.4280836866273776e+02 1.5652772641473183e+02 4.2618437883921695e-01
4.2599999999999998e+00 7.3363237977768780e-01 1.0059452081785369e+00 1.4661971524034598e-01 2.1151297488086705e+01 -4.7050576520814658e-01 1.7694131379379584e-03 1.6790051683409516e+01 1.9808363561433833e+01 9.6899192062367712e-01 1.2243908340168032e+01 -6.2033323167075636e-03 2.2792927208287170e-02 2.6150271346369412e-03 1.9068793277414750e-01 8.6993404285343953e-02 1.0235776543993921e-01 -3.1258352983989610e+01 1.4328455094728315e+02 1.5652771287996850e+02 4.2616270629196218e-01
4.2800000000000002e+00 7.2948570315272754e-01 1.0055436164701346e+00 1.4584015554929997e-01 2.1046572330303199e+01 -4.7633937659650694e-01 1.7544353090332122e-03 1.6722596908221664e+01 1.9863820824160040e+01 9.6574346800769162e-01 1.2421669174720575e+01 -6.1405179895442988e-03 2.2976665869373896e-02 2.6359230018007853e-03 1.9313373951781768e-01 8.6822335939890680e-02 1.0567026409290380e-01 -3.2342819886902120e+01 1.4474628046820524e+02 1.5652770161725618e+02 4.2612300949410176e-01
4.2999999999999998e+00 7.2673993112209756e-01 1.0064642171420484e+00 1.4534520381672386e-01 2.1164941157970222e+01 -4.7509603416876994e-01 2.1498523650708553e-03 1.6561591402363241e+01 1.9919610492066255e+01 9.6663006041796284e-01 1.2457391217472994e+01 -6.1796333676792711e-03 2.3191650063076514e-02 2.6572555127927873e-03 1.9825693065230979e-01 8.6676658097001064e-02 1.0820995897685012e-01 -3.0845810930132139e+01 1.4084262767518737e+02 1.5652769512617439e+02 4.2609789777080664e-01
4.3200000000000003e+00 7.2824262999724854e-01 1.0069123076824540e+00 1.4560298223411153e-01 2.1142354226339126e+01 -4.7704517399776003e-01 1.6264927546063256e-03 1.6474648784237054e+01 1.9975764550456073e+01 9.6871994513703719e-01 1.2681038999165063e+01 -6.2109569416020569e-03 2.3456406836410870e-02 2.6792760551553603e-03 2.0114588978294776e-01 8.6558992348827773e-02 1.1223233921376255e-01 -3.1867981650608201e+01 1.3385145552812347e+02 1.5652767424991043e+02 4.2607975940746073e-01
4.3399999999999999e+00 7.3005206532479205e-01 1.0065702595829300e+00 1.4588179923718406e-01 2.1092102028469668e+01 -4.9446685712989863e-01 1.6810325676747499e-03 1.6433364696580664e+01 2.0037645237894598e+01 9.6657303759308921e-01 1.2661519297319282e+01 -6.2417114145093397e-03 2.3630589392202146e-02 2.7021476599291072e-03 2.0400279793053591e-01 8.6463073624218317e-02 1.1609611012800339e-01 -3.3323983550203415e+01 1.3784418295941862e+02 1.5652766671441199e+02 4.2605843162772017e-01
4.3600000000000003e+00 7.2796572889596511e-01 1.0064212247309039e+00 1.4548738909175193e-01 2.1259760985932914e+01 -4.9041966387698938e-01 1.7628657846798102e-03 1.6337015383594292e+01 2.0102597235649835e+01 9.6769406091455479e-01 1.2968469802237905e+01 -6.5720563079029086e-03 2.3698706417860010e-02 2.7257025647783126e-03 2.0684118482114669e-01 8.6387401615227968e-02 1.1966453765704506e-01 -3.3661448682632482e+01 1.3886081492292823e+02 1.5652767887450008e+02 4.2603842845097051e-01
4.3800000000000008e+00 7.2569411374726500e-01 1.0069314519053816e+00 1.4501842411065369e-01 2.1180075971415903e+01 -5.0207440881064436e-01 1.7017496560295924e-03 1.6360388696657857e+01 2.0169951756250633e+01 9.6778214457062761e-01 1.3119030450078554e+01 -6.7706725450666985e-03 2.3951106220436297e-02 2.7500369254692038e-03 2.1139073814417134e-01 8.6336796353780845e-02 1.2373744522886500e-01 -3.0849967882555127e+01 1.3545605399640988e+02 1.5652769512568398e+02 4.2602572100491831e-01
4.4000000000000004e+00 7.2580105588861421e-01 1.0062658180716220e+00 1.4498284443094711e-01 2.1313979527460347e+01 -4.9423798205718966e-01 1.7888771362757963e-03 1.6291434427690604e+01 2.0240258973378563e+01 9.6728956942112376e-01 1.3038415973647085e+01 -7.1680532628456330e-03 2.4228221577882608e-02 2.7751952890992210e-03 2.1491890736770078e-01 8.6310903334479605e-02 1.2777460405069388e-01 -2.9718820024126273e+01 1.3771005700155177e+02 1.5652769776864767e+02 4.2601724212043524e-01
4.4199999999999999e+00 7.2428323486320778e-01 1.0066483134325475e+00 1.4472852001841777e-01 2.1461926925451753e+01 -5.0392373577029392e-01 1.7134654682032201e-03 1.6340779393571367e+01 2.0315194432245502e+01 9.6720555740492498e-01 1.3134330188012816e+01 -7.5327313617502365e-03 2.4454991873892613e-02 2.8011195859470989e-03 2.1995027648984997e-01 8.6310245006382166e-02 1.3134446115433174e-01 -2.9408133865601755e+01 1.3666571108415485e+02 1.5652770768382155e+02 4.2600387883734003e-01
4.4399999999999995e+00 7.2236677824190731e-01 1.0063044993417705e+00 1.4439216099706148e-01 2.1414749688933348e+01 -5.2310993086886082e-01 1.7790718840922880e-03 1.6439076499731161e+01 2.0392601666714047e+01 9.6658924457969508e-01 1.2966933394286894e+01 -7.6584693006244795e-03 2.4826106354581493e-02 2.8277047988798094e-03 2.2255455191942200e-01 8.6336781680749944e-02 1.3431047254165696e-01 -2.9210175688636340e+01 1.3889473134088681e+02 1.5652769965916684e+02 4.2599069171421733e-01
4.4600000000000000e+00 7.2098154839195994e-01 1.0048590424511961e+00 1.4417998122357964e-01 2.1340609556876451e+01 -5.1862840933829202e-01 1.7723755335065129e-03 1.6483057020233051e+01 2.0470497024351971e+01 9.6777271470423054e-01 1.2840639757465478e+01 -7.8210555196592708e-03 2.5239525742826729e-02 2.8548862969435072e-03 2.2605425484885236e-01 8.6388380257776259e-02 1.3804988356847653e-01 -2.9968068795134737e+01 1.3356906384431574e+02 1.5652768163959180e+02 4.2597573235879188e-01
4.4800000000000004e+00 7.1973979269345800e-01 1.0052195809428088e+00 1.4387882739136931e-01 2.1401658101703202e+01 -5.0599257583218571e-01 1.7907722195479457e-03 1.6490802950354578e+01 2.0552914801111424e+01 9.6828714453836240e-01 1.2795285189578433e+01 -7.9308724307887331e-03 2.5639969894709534e-02 2.8829838429705224e-03 2.3080772353281534e-01 8.6467331699284444e-02 1.4295521539129130e-01 -2.9600194019746951e+01 1.3627391015308856e+02 1.5652767090454029e+02 4.2595668483780275e-01
4.5000000000000000e+00 7.1925937872908396e-01 1.0059613834449015e+00 1.4376454244584957e-01 2.1320781003742191e+01 -5.0033678416466798e-01 1.9015628211894397e-03 1.6580826646636030e+01 2.0641427775579164e+01 9.6682535968939465e-01 1.2507440099231465e+01 -7.9241325778122568e-03 2.6072569817829509e-02 2.9120322181084568e-03 2.3336481670693915e-01 8.6569963178358716e-02 1.4709650986687625e-01 -2.9591679994008235e+01 1.3886037099623141e+02 1.5652765818870444e+02 4.2592503154668365e-01
4.5200000000000005e+00 7.1731893548252013e-01 1.0063656973632378e+00 1.4350859342936917e-01 2.1232349862577255e+01 -5.0324623279211633e-01 2.1489785885207982e-03 1.6650893785289643e+01 2.0731612256231365e+01 9.6681490753439325e-01 1.2435089906022444e+01 -8.1820039661962222e-03 2.6754103921537587e-02 2.9417796512603012e-03 2.3805110881973374e-01 8.6699904576026846e-02 1.5049881980158555e-01 -3.1850555202868829e+01 1.4193176507775456e+02 1.5652765985647503e+02 4.2589129701665840e-01
4.5400000000000000e+00 7.1617321119386368e-01 1.0069388306708160e+00 1.4328408134072732e-01 2.1420687163006999e+01 -5.0534032123897599e-01 1.9348416351321947e-03 1.6731251237716926e+01 2.0823637556170695e+01 9.6575875460090033e-01 1.2453215964834250e+01 -8.4777766697897265e-03 2.7233620501179633e-02 2.9722211395812404e-03 2.4041582977034007e-01 8.6857463357222872e-02 1.5391620411932166e-01 -3.0569677800176020e+01 1.4323401467645732e+02 1.5652767130998080e+02 4.2585568453850731e-01
4.5600000000000005e+00 7.1560142617400735e-01 1.0063258101145984e+00 1.4305746753798937e-01 2.1437823060483463e+01 -4.9295861121475670e-01 2.2721782040163070e-03 1.6697905833695771e+01 2.0919116080008965e+01 9.6559397270517355e-01 1.2461806841004918e+01 -8.6821502637445917e-03 2.7706092927091537e-02 3.0032980472289783e-03 2.4449787983513635e-01 8.7042885027233258e-02 1.5649373295659497e-01 -3.0154907142816811e+01 1.4047736185684241e+02 1.5652767979660811e+02 4.2583196745610968e-01
4.5800000000000001e+00 7.1294308886700297e-01 1.0062601717600794e+00 1.4239691113417866e-01 2.1701412481363807e+01 -5.1780566062125777e-01 2.2625844808801332e-03 1.6763805087767718e+01 2.1017968478243180e+01 9.6514119121036568e-01 1.2490504376735631e+01 -8.9682328859522244e-03 2.8259345251522416e-02 3.0347804959715086e-03 2.4632289418774497e-01 8.7252566091107209e-02 1.5823265118718741e-01 -3.1342479095111820e+01 1.4110371903139668e+02 1.5652768068916518e+02 4.2583047241014194e-01
4.5999999999999996e+00 7.1422328060830231e-01 1.0057760078179598e+00 1.4285543995428476e-01 2.1910225229519103e+01 -5.1746893605692024e-01 2.9350397409690669e-03 1.6762613118839027e+01 2.1115114170412529e+01 9.6737705591029766e-01 1.2613361075507799e+01 -8.9946523837890549e-03 2.8770065398095811e-02 3.0666695432866168e-03 2.5257414938725870e-01 8.7490611726385753e-02 1.6138106879680758e-01 -3.1163175308329460e+01 1.4377068091862745e+02 1.5652768888685048e+02 4.2584495744156892e-01
4.6200000000000001e+00 7.1409824874109795e-01 1.0048464108969757e+00 1.4291433647262508e-01 2.2026407011306890e+01 -5.2423683400459165e-01 2.4606286192822980e-03 1.6817565303351763e+01 2.1214331831382154e+01 9.6868018680387535e-01 1.2931652643635978e+01 -9.0944921973141364e-03 2.9297380010757469e-02 3.0994347451930985e-03 2.5424549925029383e-01 8.7751820077977633e-02 1.6633917625517544e-01 -3.2712248185802281e+01 1.5190391435216060e+02 1.5652768115184443e+02 4.2584373217353083e-01
4.6399999999999997e+00 7.1110237300714230e-01 1.0041185677384785e+00 1.4232379119882380e-01 2.2108796814879017e+01 -5.1108187903640090e-01 2.3276596795836803e-03 1.6802967508914875e+01 2.1320802338300222e+01 9.6686223210626199e-01 1.2964813598164806e+01 -9.3581812370522269e-03 2.9787834343982977e-02 3.1332174758893685e-03 2.5938491539433978e-01 8.8028942213422168e-02 1.7148179926910523e-01 -3.1170007924954103e+01 1.5010330695324157e+02 1.5652767593504564e+02 4.2580935278467863e-01
4.6600000000000001e+00 7.0912742268465112e-01 1.0054417101817961e+00 1.4201570176315151e-01 2.2230343732322162e+01 -4.8928862742877333e-01 2.4097451624662406e-03 1.6801489767604970e+01 2.1431282061143843e+01 9.6540562493001458e-01 1.3117381430212895e+01 -9.8285982656999022e-03 3.0286096488126503e-02 3.1679499337810869e-03 2.6440947847049495e-01 8.8320232297097262e-02 1.7520616584744306e-01 -3.1232120373753812e+01 1.4891822053925821e+02 1.5652767033864546e+02 4.2576464799707786e-01
4.6800000000000006e+00 7.1182544438061257e-01 1.0072111805120219e+00 1.4252089815875299e-01 2.2268196359748046e+01 -5.2179235101146448e-01 2.8130135250650288e-03 1.6724559725724369e+01 2.1541842775523218e+01 9.6543611648693850e-01 1.3212900600064042e+01 -1.0347908685231652e-02 3.1018868572726892e-02 3.2032347337446810e-03 2.6894910589474519e-01 8.8628542747067843e-02 1.7778583245622709e-01 -3.1341409308465657e+01 1.5016048148769329e+02 1.5652764547819689e+02 4.2573439050832301e-01
4.7000000000000002e+00 7.0990729293010202e-01 1.0072162294055129e+00 1.4219751654119625e-01 2.2417651659455466e+01 -4.9221363032464255e-01 2.8919435319694764e-03 1.6693519475198087e+01 2.1651267197436486e+01 9.6639980031662753e-01 1.3329884337513935e+01 -1.0547572828925633e-02 3.1775623059862160e-02 3.2390780100017302e-03 2.7036624015354821e-01 8.8956191240803464e-02 1.8073158230826741e-01 -3.1648290298629995e+01 1.4977097775171276e+02 1.5652762922208854e+02 4.2571176925630666e-01
4.7200000000000006e+00 7.1010768254785328e-01 1.0060470852548733e+00 1.4222026962865941e-01 2.2478879952096069e+01 -5.1090504971007455e-01 2.7974622476849504e-03 1.6783384701090363e+01 2.1764086910600749e+01 9.6610722908447055e-01 1.3374733224408423e+01 -1.0838716096014989e-02 3.2572164765574507e-02 3.2755560877595650e-03 2.7339249049595371e-01 8.9303978779905660e-02 1.8424857292270910e-01 -3.0008958027120624e+01 1.5422037285776969e+02 1.5652764944116430e+02 4.2568695269961621e-01
4.7400000000000002e+00 7.0987856738777710e-01 1.0056010578935739e+00 1.4221645010104247e-01 2.2466342500241627e+01 -4.8898426003733775e-01 2.8663815061019107e-03 1.6770668836481462e+01 2.1878977189296606e+01 9.6522860342054551e-01 1.3448833482622454e+01 -1.1384433330153206e-02 3.3527545168449815e-02 3.3127649683603300e-03 2.7897719626372586e-01 8.9671191891402366e-02 1.8754874813126021e-01 -3.0276796382824667e+01 1.5372197380863616e+02 1.5652766848042305e+02 4.2566925171318704e-01
4.7599999999999998e+00 7.0996951203205061e-01 1.0054874695522602e+00 1.4217109461884106e-01 2.2538341062848385e+01 -4.7420063149387198e-01 3.2039400821645748e-03 1.6814981011357119e+01 2.1994184994613725e+01 9.6545308002197461e-01 1.3329042270377611e+01 -1.1844491839436732e-02 3.4543376954524509e-02 3.3505338255989726e-03 2.8190297532768949e-01 9.0052103532901634e-02 1.8993704315896662e-01 -3.0616021249065316e+01 1.6047896344369957e+02 1.5652767923142017e+02 4.2566507025452927e-01
4.7800000000000002e+00 7.0957158621511052e-01 1.0050689454825448e+00 1.4213158990779831e-01 2.2256811076429052e+01 -4.9642580717178780e-01 3.6488380646442962e-03 1.6833818080393996e+01 2.2110156234450645e+01 9.6726738138921886e-01 1.3066560624974212e+01 -1.2475754935402024e-02 3.5444603665775329e-02 3.3887829172019744e-03 2.8678881534088763e-01 9.0450437961718630e-02 1.9310261524952180e-01 -3.2743416032485086e+01 1.5741625944546763e+02 1.5652767410683958e+02 4.2567253588194331e-01
4.7999999999999998e+00 7.0653736534414535e-01 1.0057570200829122e+00 1.4159246319651930e-01 2.2247172217788609e+01 -5.1823727289670996e-01 2.9625593635060244e-03 1.6935878348993629e+01 2.2228880631664587e+01 9.6799679092582092e-01 1.3014507959303128e+01 -1.2738765604452727e-02 3.6262575233841007e-02 3.4278507749111913e-03 2.8920617938524390e-01 9.0862898615936410e-02 1.9779350697894388e-01 -3.1715968340921425e+01 1.6080432362385858e+02 1.5652766259488988e+02 4.2565603061926210e-01
4.8200000000000003e+00 7.0563989917873760e-01 1.0052074553221080e+00 1.4170718663225276e-01 2.2176362496785742e+01 -4.8695603523565645e-01 3.3477381314052238e-03 1.6954998530341243e+01 2.2351328808604066e+01 9.6576321350900707e-01 1.2888002141440017e+01 -1.3121707188712004e-02 3.7140348821357264e-02 3.4678542862592232e-03 2.9384935317491817e-01 9.1286300608307350e-02 2.0165408466971504e-01 -3.2322276349233533e+01 1.5855330621629525e+02 1.5652764838958166e+02 4.2561760488728206e-01
4.8399999999999999e+00 7.0229670774273834e-01 1.0055266627101611e+00 1.4117265636609827e-01 2.2409547444945574e+01 -4.9408608620913630e-01 3.1671532830911064e-03 1.7011772309126197e+01 2.2473887009039853e+01 9.6488883008844828e-01 1.2799611927063861e+01 -1.3508200134348794e-02 3.7808854788086363e-02 3.5084003613075078e-03 2.9736382343032469e-01 9.1724954934069888e-02 2.0343011318302229e-01 -3.1179251823637287e+01 1.5775346892084701e+02 1.5652766299911937e+02 4.2557993806935845e-01
4.8600000000000003e+00 7.0347925415503276e-01 1.0063656051315499e+00 1.4125514080888246e-01 2.2316075126429585e+01 -5.0649042545629608e-01 3.5289807760295307e-03 1.7053619883182918e+01 2.2596636461359811e+01 9.6492546587694683e-01 1.2890850343900379e+01 -1.3714884948426459e-02 3.8263850614302118e-02 3.5492098051651782e-03 3.0035745629314270e-01 9.2177839150509894e-02 2.0501879471893852e-01 -3.2494184401300146e+01 1.5828765975207762e+02 1.5652766193775338e+02 4.2555699931032498e-01
4.8800000000000008e+00 7.0371712629408845e-01 1.0067496787137500e+00 1.4131843704316088e-01 2.2629662114562024e+01 -4.6819634376382407e-01 3.8687684394788742e-03 1.7116105736252639e+01 2.2717428235856946e+01 9.6661846951066610e-01 1.2905412923270299e+01 -1.3767416753720790e-02 3.8779380965912422e-02 3.5904626545195917e-03 3.0204245930060397e-01 9.2646710453153952e-02 2.0765075975690001e-01 -3.1900387400812235e+01 1.6114196347233676e+02 1.5652763456200836e+02 4.2554466811404668e-01
4.9000000000000004e+00 7.0020803438592638e-01 1.0058635457172043e+00 1.4050914677962395e-01 2.2764675954328020e+01 -4.6912095203452392e-01 3.4886657892175066e-03 1.7189620981449018e+01 2.2839759050120779e+01 9.6636843667225114e-01 1.3015023129025897e+01 -1.3689759151044884e-02 3.9237846876292851e-02 3.6323075246304402e-03 3.0347897475111685e-01 9.3126152454817299e-02 2.1078844700586441e-01 -3.0313739580740272e+01 1.6584536482475318e+02 1.5652762538077044e+02 4.2552494204658309e-01
4.9199999999999999e+00 6.9906599963649918e-01 1.0060107610540190e+00 1.4028008020988431e-01 2.2823729088771703e+01 -4.6822956008767547e-01 3.8563630969549283e-03 1.7250813587779383e+01 2.2964044428317532e+01 9.6531404247503494e-01 1.3010277639176287e+01 -1.4117923105785014e-02 3.9411704752876517e-02 3.6748202936130346e-03 3.1044173708379813e-01 9.3623300758431005e-02 2.1480519481407201e-01 -3.0606788131896440e+01 1.6477499830410144e+02 1.5652762951585780e+02 4.2550408755558899e-01
4.9399999999999995e+00 7.0048587308175891e-01 1.0068569772807348e+00 1.4063773533781293e-01 2.2593651829713764e+01 -4.5902440708024383e-01 4.2809607987545056e-03 1.7274849143243777e+01 2.3088003410900196e+01 9.6488793234749315e-01 1.2952136610508573e+01 -1.4463867653352419e-02 3.9601015992974144e-02 3.7181786450986563e-03 3.1682306046556030e-01 9.4144593452896372e-02 2.1793609325831029e-01 -2.9864611989035499e+01 1.5905111864416295e+02 1.5652765809496833e+02 4.2548861482633549e-01
4.9600000000000000e+00 6.9671479231022526e-01 1.0065582001174496e+00 1.3976616957029980e-01 2.2190070679704188e+01 -4.6337143416442611e-01 4.1247253635983312e-03 1.7403364007007013e+01 2.3210309121760936e+01 9.6576607070787301e-01 1.2847216847213353e+01 -1.4805343757073073e-02 4.0158016522637757e-02 3.7618991507115435e-03 3.1505781592142917e-01 9.4685459563704999e-02 2.1914895139210555e-01 -3.5182680369391036e+01 1.5435684461079671e+02 1.5652767236926641e+02 4.2547640790491903e-01
4.9800000000000004e+00 6.9314579891065919e-01 1.0056905635938398e+00 1.3898128138131211e-01 2.2176006726740393e+01 -4.7186289035378248e-01 4.2742863247209311e-03 1.7448162797109312e+01 2.3330441681459664e+01 9.6613604212527382e-01 1.2747394109564162e+01 -1.4860397221005300e-02 4.0793991921925045e-02 3.8058917575985712e-03 3.1931874891525003e-01 9.5243102195276777e-02 2.2129729955610430e-01 -3.3118070983106563e+01 1.5979252034237271e+02 1.5652766119120764e+02 4.2546300329491216e-01
5.0000000000000000e+00 6.9292573753543119e-01 1.0058571609374503e+00 1.3897024366591385e-01 2.2096569475080997e+01 -5.2155257127801036e-01 4.7259217093107604e-03 1.7536969560303898e+01 2.3450404551303063e+01 9.6725052017059754e-01 1.2598080730168359e+01 -1.4888825089641317e-02 4.1351532108656573e-02 3.8505677102712898e-03 3.2378574240640667e-01 9.5817858576121059e-02 2.2628641389816997e-01 -3.1830289330540218e+01 1.5600300772676761e+02 1.5652763303133065e+02 4.2544791839861401e-01
5.0200000000000005e+00 6.9423075534232592e-01 1.0058702389722425e+00 1.3919992521977403e-01 2.2041661158144780e+01 -4.6524591938336618e-01 4.1927147290801081e-03 1.7531896814979877e+01 2.3570754849903992e+01 9.6624523162841414e-01 1.2744501964522511e+01 -1.5221514034520401e-02 4.2015912555866487e-02 3.8964136026419789e-03 3.2888735954725801e-01 9.6409318414132084e-02 2.3140921887106156e-01 -2.9102962252126463e+01 1.5805869619478418e+02 1.5652763899246352e+02 4.2541742960257067e-01
5.0400000000000000e+00 6.9153594771056703e-01 1.0061501320375179e+00 1.3853554781603789e-01 2.2505561446009910e+01 -4.9338293585635684e-01 4.1067108121293954e-03 1.7586250903331607e+01 2.3692663943164998e+01 9.6466036145312661e-01 1.2841753213777338e+01 -1.5631393108179837e-02 4.2556117859795052e-02 3.9429865177032031e-03 3.3199201127639827e-01 9.7018022848955915e-02 2.3377391538417772e-01 -3.1053285097832088e+01 1.5826666378251309e+02 1.5652765035173900e+02 4.2537393323053863e-01
5.0600000000000005e+00 6.8842265780453749e-01 1.0068407221895768e+00 1.3798952058130973e-01 2.2313364572889370e+01 -5.0076774811968405e-01 5.5568924735420336e-03 1.7679153201922972e+01 2.3811773098119829e+01 9.6457164663505313e-01 1.2622938187232583e+01 -1.5948345076333276e-02 4.3344546424192464e-02 3.9898600917633170e-03 3.3542614590128533e-01 9.7643390615401893e-02 2.3517422581802616e-01 -2.9230415663761800e+01 1.6214101310496221e+02 1.5652764433335483e+02 4.2533903568329984e-01
5.0800000000000001e+00 6.8751832440537730e-01 1.0068705909128601e+00 1.3782351474120066e-01 2.2332247817647666e+01 -5.2125338610729577e-01 4.6240027418770887e-03 1.7734102316046815e+01 2.3925726483683501e+01 9.6460720054424187e-01 1.2577289778528570e+01 -1.6033352969728694e-02 4.4094950193196633e-02 4.0370822263199827e-03 3.3615919310711578e-01 9.8280347116904171e-02 2.3707370136438746e-01 -2.9826699486701578e+01 1.6516302650224688e+02 1.5652763382994601e+02 4.2532611315217161e-01
5.0999999999999996e+00 6.8810865790523057e-01 1.0064912398954298e+00 1.3787641602564532e-01 2.2377191378001299e+01 -5.1265926850879695e-01 4.5129022840825015e-03 1.7862882774108705e+01 2.4036688347695282e+01 9.6621826786749998e-01 1.2539150757758376e+01 -1.6311735615669492e-02 4.4850695855442380e-02 4.0847611296129498e-03 3.4196008068225714e-01 9.8928085324407694e-02 2.4022785442085448e-01 -3.0464098391840864e+01 1.6367463457912248e+02 1.5652761842535159e+02 4.2532227894254560e-01
5.1200000000000001e+00 6.8678429845271594e-01 1.0056536926974173e+00 1.3746669774203751e-01 2.2531800890557061e+01 -4.7662372297957956e-01 5.2699143460090336e-03 1.7993794658404013e+01 2.4145758532984367e+01 9.6626397987300539e-01 1.2709894341226290e+01 -1.6561944235833577e-02 4.5137911276558869e-02 4.1332179372257282e-03 3.4571180171117671e-01 9.9589226854190804e-02 2.4407566612190670e-01 -2.9899725930107913e+01 1.6667237804956193e+02 1.5652762888713409e+02 4.2531519898542441e-01
5.1399999999999997e+00 6.8492303699556256e-01 1.0048883327113545e+00 1.3717978702118350e-01 2.2743084931135886e+01 -5.1272399636855714e-01 6.1623527284946425e-03 1.8046148635167359e+01 2.4253222344173206e+01 9.6530932397620073e-01 1.2699700697045916e+01 -1.6687317238919891e-02 4.5616660298935588e-02 4.1823989283992433e-03 3.5035498789061081e-01 1.0025984296518183e-01 2.4784655388430435e-01 -3.0293282306504228e+01 1.6517282879773057e+02 1.5652764499401405e+02 4.2529558920544291e-01
5.1600000000000001e+00 6.8451942356078022e-01 1.0051648010777094e+00 1.3720471310306817e-01 2.2697964936414905e+01 -5.1881552564376787e-01 5.8415995605784624e-03 1.8116686573784186e+01 2.4357471163191470e+01 9.6605405272578160e-01 1.2544383371970747e+01 -1.6872603433884626e-02 4.6051955097830520e-02 4.2324030179177454e-03 3.5711932459218110e-01 1.0094266079406343e-01 2.5261409648728556e-01 -3.1507889012800810e+01 1.7336964314454508e+02 1.5652764954189416e+02 4.2527425689317228e-01
5.1799999999999997e+00 6.8314277623145025e-01 1.0062917393596444e+00 1.3660510922887117e-01 2.2569135213649041e+01 -5.8669292864729450e-01 5.3848944338382313e-03 1.8221371989991155e+01 2.4460359272656827e+01 9.6558055246868613e-01 1.2489123794817925e+01 -1.7231073555924029e-02 4.6744428523146517e-02 4.2834100458267665e-03 3.5972625254106472e-01 1.0163625938738051e-01 2.5662175644195973e-01 -3.1198301533621823e+01 1.6780726384389041e+02 1.5652762704584921e+02 4.2524414126556648e-01
5.2000000000000002e+00 6.8370169441631590e-01 1.0059534609643503e+00 1.3678488782757475e-01 2.2357793438583670e+01 -5.7354531161970501e-01 5.4066798517978260e-03 1.8342833109484609e+01 2.4559496321771135e+01 9.6536676754184303e-01 1.2296761960512770e+01 -1.7265776209136385e-02 4.7142070989951344e-02 4.3350330450764247e-03 3.6174254587858390e-01 1.0233253971054897e-01 2.6026092183708616e-01 -3.0967657144950699e+01 1.6229937942141848e+02 1.5652762923435478e+02 4.2520805949855217e-01
5.2200000000000006e+00 6.8488511616137759e-01 1.0056137973308514e+00 1.3702791413642437e-01 2.2064084818852880e+01 -5.4093131888800805e-01 5.5992131270175697e-03 1.8443458463882042e+01 2.4652622511473652e+01 9.6546090493905834e-01 1.2141061101027969e+01 -1.7129348337648218e-02 4.7100127592489396e-02 4.3875469302079645e-03 3.6850024301981793e-01 1.0303697052606919e-01 2.6475434999413616e-01 -3.2138966239131051e+01 1.6523741065309426e+02 1.5652763862261520e+02 4.2516886862321501e-01
5.2400000000000002e+00 6.8176662561552115e-01 1.0063880892691566e+00 1.3632435914649096e-01 2.1922737232602795e+01 -5.6542367931506965e-01 6.1638540382292998e-03 1.8579202784699742e+01 2.4743317474428423e+01 9.6442314273297369e-01 1.2061632159892383e+01 -1.7436827521768356e-02 4.7615864928840956e-02 4.4408718805583379e-03 3.7304077689579695e-01 1.0375030167970134e-01 2.6795592310159522e-01 -3.1099217615555474e+01 1.6506408526631250e+02 1.5652762518606858e+02 4.2513761876674366e-01
5.2599999999999998e+00 6.8150390628334967e-01 1.0055925772935581e+00 1.3608313132591698e-01 2.1742629911007167e+01 -5.2080381279709798e-01 5.6274725479810795e-03 1.8656879030005200e+01 2.4830514761239407e+01 9.6435251601981475e-01 1.2067982346215270e+01 -1.7486748272134266e-02 4.8079298180840370e-02 4.4947102896961341e-03 3.7883662533655704e-01 1.0447319136293352e-01 2.7081760740087202e-01 -3.1045718855356181e+01 1.6260829124780821e+02 1.5652762379536091e+02 4.2512097711896046e-01
5.2799999999999994e+00 6.8116055823279820e-01 1.0062014133176964e+00 1.3602693195443066e-01 2.1548556391919600e+01 -5.5605307710894336e-01 6.1976499249480942e-03 1.8665777328977853e+01 2.4911298829118191e+01 9.6502764045443612e-01 1.1940599593182096e+01 -1.7471336943359929e-02 4.8677597954063193e-02 4.5492457055379635e-03 3.8439313679187359e-01 1.0520735576227251e-01 2.7456865147421861e-01 -3.0713584230972568e+01 1.5466703890104765e+02 1.5652762040770639e+02 4.2511744358367520e-01
5.2999999999999998e+00 6.8183217857993583e-01 1.0058000330987877e+00 1.3630596618355589e-01 2.1531341055779130e+01 -5.6715804912065715e-01 6.2719742712011670e-03 1.8685963133679945e+01 2.4985956378643248e+01 9.6654539287000751e-01 1.1841289096044134e+01 -1.7640813326001432e-02 4.9404675857478084e-02 4.6045752722828626e-03 3.8676830513844163e-01 1.0595036699427103e-01 2.7879435552224807e-01 -3.0448448703602782e+01 1.5161143820856856e+02 1.5652762553918893e+02 4.2511018931625777e-01
5.3200000000000003e+00 6.8010514540542588e-01 1.0043850506604883e+00 1.3597406382724989e-01 2.1320134146319603e+01 -5.2030603021435928e-01 6.4403707289429919e-03 1.8805097927802969e+01 2.5057817766486529e+01 9.6578433514867312e-01 1.1738748027323943e+01 -1.8014724501927613e-02 5.0137857816148081e-02 4.6608269777140346e-03 3.9323516400493791e-01 1.0669979258076297e-01 2.8419877629401546e-01 -2.8257704629407698e+01 1.5447863603755215e+02 1.5652763990326139e+02 4.2509197128766729e-01
5.3399999999999999e+00 6.7911337647875003e-01 1.0044926042159059e+00 1.3576147821201448e-01 2.1259287612051494e+01 -5.6838836387717095e-01 6.3621755302138063e-03 1.8868205269362683e+01 2.5125947742715880e+01 9.6521089420972250e-01 1.1724190428921077e+01 -1.8365586994370079e-02 5.0822947322332744e-02 4.7182540138513245e-03 4.0155898857379874e-01 1.0745749276212191e-01 2.8939926105573416e-01 -2.8969929866224103e+01 1.5385570355392412e+02 1.5652763819929010e+02 4.2506750745845406e-01
5.3600000000000003e+00 6.7907705257562956e-01 1.0050991681653456e+00 1.3560953834093731e-01 2.1180859771163071e+01 -5.8383893854094948e-01 6.7912919818836782e-03 1.8997165216490021e+01 2.5188580028219668e+01 9.6644204406537948e-01 1.1752368361250337e+01 -1.8650554785481631e-02 5.1555723863723313e-02 4.7765985749800063e-03 4.0602007879367580e-01 1.0822329440331592e-01 2.9477033137447872e-01 -3.0282423173481515e+01 1.5192980985032548e+02 1.5652760725391678e+02 4.2504004476147228e-01
5.3799999999999999e+00 6.8191619415133675e-01 1.0058574782380820e+00 1.3610771865727589e-01 2.1181144580324816e+01 -6.5645472290211726e-01 5.5983080446869744e-03 1.9068252432589830e+01 2.5248512714012907e+01 9.6621701173910479e-01 1.1773909223533574e+01 -1.9041922942408245e-02 5.2009009741167248e-02 4.8361898238768915e-03 4.0863193308067436e-01 1.0899473739823307e-01 3.0081415630599340e-01 -3.1979222319576959e+01 1.5504033795761035e+02 1.5652760887334497e+02 4.2500163923410272e-01
5.4000000000000004e+00 6.8108876767294357e-01 1.0060574020011539e+00 1.3585263023212871e-01 2.1059220323762666e+01 -6.4623914471960398e-01 6.1549024967013019e-03 1.9175504284198421e+01 2.5303989603969125e+01 9.6456093310242719e-01 1.1675452230203595e+01 -1.9328038434307210e-02 5.2140335030820092e-02 4.8968646626198166e-03 4.1676529945891566e-01 1.0977383796982026e-01 3.0592987830575052e-01 -2.8949198921425854e+01 1.5377121986857975e+02 1.5652762805153890e+02 4.2495125947260554e-01
5.4199999999999999e+00 6.8029019814245084e-01 1.0060980208205368e+00 1.3571348089462967e-01 2.0935065515568091e+01 -7.2230026563794958e-01 5.8745555633996829e-03 1.9159350332772394e+01 2.5352942757308032e+01 9.6296028545963663e-01 1.1580255693359961e+01 -1.9376413630160454e-02 5.2518588822962856e-02 4.9584287398354134e-03 4.2313293171263711e-01 1.1056215375534746e-01 3.0855051400591293e-01 -2.9852226437782530e+01 1.4617718609510337e+02 1.5652761777365436e+02 4.2491663399306434e-01
5.4399999999999995e+00 6.7906875564337210e-01 1.0050585805626917e+00 1.3550003894361162e-01 2.0951815179113112e+01 -7.0416574448171620e-01 6.6496787538660364e-03 1.9128298935438238e+01 2.5393944133401813e+01 9.6507399791131876e-01 1.1630134776271971e+01 -1.9496406757061178e-02 5.3140568068744246e-02 5.0202781947144030e-03 4.2797800916311107e-01 1.1136139066860976e-01 3.1076103310979358e-01 -2.9493076972009479e+01 1.5009829534346864e+02 1.5652760637876901e+02 4.2491366131141478e-01
5.4600000000000000e+00 6.7966892229426679e-01 1.0053183574014140e+00 1.3558059480055348e-01 2.0949569384464304e+01 -7.2079860086861314e-01 7.4837116278744144e-03 1.9214895788905640e+01 2.5429303985831684e+01 9.6697098868129272e-01 1.1679390821250285e+01 -1.9490115842510997e-02 5.4015616717108049e-02 5.0829768470193725e-03 4.3496059849021196e-01 1.1217156659296758e-01 3.1762208965508615e-01 -3.0709804106582233e+01 1.4981725331682836e+02 1.5652759851124182e+02 4.2492074954300108e-01
5.4799999999999995e+00 6.7941675173691396e-01 1.0051930840342076e+00 1.3567602963946976e-01 2.1216291385404638e+01 -7.2006108873736785e-01 5.4322750071656087e-03 1.9214204341214028e+01 2.5463616246739317e+01 9.6763926402207778e-01 1.1693407553044537e+01 -1.9684557195577178e-02 5.4548027219687788e-02 5.1474230406279879e-03 4.4171146718672427e-01 1.1299023025995750e-01 3.2588564557676653e-01 -2.8462494349368750e+01 1.5940495183839093e+02 1.5652760230293134e+02 4.2490872814986469e-01
5.5000000000000000e+00 6.7769936599570924e-01 1.0046994088897256e+00 1.3532547458113425e-01 2.1083757367969547e+01 -7.3042717780327704e-01 5.8211648638846437e-03 1.9242835989003890e+01 2.5496763573765751e+01 9.6526780304449256e-01 1.1634063700556840e+01 -1.9775688895118555e-02 5.4708703248591409e-02 5.2132944919718741e-03 4.5235569350647054e-01 1.1381642229350086e-01 3.3343967167986516e-01 -2.8348761257580453e+01 1.5141089083530591e+02 1.5652763718965969e+02 4.2487361804986534e-01
5.5200000000000005e+00 6.7870115427808186e-01 1.0049911953407837e+00 1.3553345412923998e-01 2.1026896510283535e+01 -7.9141589530636347e-01 6.7569438966131297e-03 1.9240612523469601e+01 2.5523547240585660e+01 9.6530166488427038e-01 1.1629455942975166e+01 -1.9830562804866704e-02 5.4941505791312704e-02 5.2806938049501694e-03 4.6210347233264265e-01 1.1465140251764958e-01 3.3914366005175928e-01 -3.0370926121820592e+01 1.5292221882876407e+02 1.5652765881964845e+02 4.2484039138839225e-01
5.5400000000000000e+00 6.7736120574542036e-01 1.0053506046108547e+00 1.3530500290158962e-01 2.0823157538116714e+01 -7.1708124432110620e-01 6.7117474780501755e-03 1.9342082226457531e+01 2.5544823922207165e+01 9.6585801070259214e-01 1.1529834089569349e+01 -2.0239886775820705e-02 5.4892094992891313e-02 5.3488877495651791e-03 4.6124549427239458e-01 1.1549269518438790e-01 3.4360281584610836e-01 -3.0461085705502843e+01 1.5362856315424764e+02 1.5652761381893987e+02 4.2481832266261349e-01
5.5600000000000005e+00 6.7895065834821489e-01 1.0058170963048567e+00 1.3558439119485080e-01 2.1037856537908660e+01 -7.3016745141953643e-01 6.8570909175112741e-03 1.9246216195492138e+01 2.5560948428607315e+01 9.6580347192191562e-01 1.1542790831603577e+01 -2.0438598109959016e-02 5.4981313769282461e-02 5.4182243172501976e-03 4.6952915643542370e-01 1.1633607595381071e-01 3.4960095273197556e-01 -2.7671229851554742e+01 1.5245266594541226e+02 1.5652759133438570e+02 4.2479903590275669e-01
5.5800000000000001e+00 6.8023509546925465e-01 1.0054216176242292e+00 1.3582868971031825e-01 2.1325032762647201e+01 -7.0841584935979651e-01 6.4708598902877123e-03 1.9318317711701702e+01 2.5572382805831527e+01 9.6685422045117930e-01 1.1578883808685564e+01 -2.0651353883512968e-02 5.4482545266148971e-02 5.4888918323414424e-03 4.8000158908346979e-01 1.1718958708218369e-01 3.5861941207190812e-01 -2.9807898008374174e+01 1.5935286426954821e+02 1.5652759571723863e+02 4.2477828906819165e-01
5.5999999999999996e+00 6.8009620352408473e-01 1.0053074647077651e+00 1.3583238460759114e-01 2.1273429636660193e+01 -7.1869691149426895e-01 6.1189156109155464e-03 1.9297703073452706e+01 2.5581788904889788e+01 9.6661566329321769e-01 1.1764917028182987e+01 -2.0933679705532865e-02 5.4615796170490880e-02 5.5616841806035182e-03 4.9096816071668586e-01 1.1805397906217240e-01 3.6781672986013991e-01 -2.7272213988668003e+01 1.6104502286699235e+02 1.5652760080877667e+02 4.2474079558266437e-01
5.6200000000000001e+00 6.7913089913256686e-01 1.0047312761701968e+00 1.3570032946046245e-01 2.1320283480534822e+01 -7.5669304813864102e-01 6.8490077272680304e-03 1.9334966985564190e+01 2.5588854391365313e+01 9.6532363365251139e-01 1.1656950933696425e+01 -2.1133520138263868e-02 5.4824455132243842e-02 5.6358800674191547e-03 4.9559870279770585e-01 1.1892471179419196e-01 3.7409269123191574e-01 -2.8466365107701936e+01 1.6053594682377727e+02 1.5652759778191447e+02 4.2470495250680040e-01
5.6399999999999997e+00 6.8012176567547999e-01 1.0056025657222356e+00 1.3593008595065234e-01 2.1359920563077768e+01 -7.5921656320735853e-01 7.7764147081933604e-03 1.9348189914303060e+01 2.5593168838873702e+01 9.6579502267338069e-01 1.1697291605152433e+01 -2.1297333992469532e-02 5.5051883857682352e-02 5.7113700462075720e-03 5.0739640048806944e-01 1.1979750009261612e-01 3.8156469981422259e-01 -3.0098684945134607e+01 1.5952393030701876e+02 1.5652759003448784e+02 4.2468366166887833e-01
5.6600000000000001e+00 6.8024164639005191e-01 1.0067392313120422e+00 1.3600767758762339e-01 2.0963620120803153e+01 -7.8983960189480240e-01 7.0308440771247012e-03 1.9287113527179038e+01 2.5594798455398145e+01 9.6779857115911427e-01 1.1580232473720244e+01 -2.1450308810649413e-02 5.5248188571191556e-02 5.7885562982172767e-03 5.1827325289859250e-01 1.2068320825280340e-01 3.8995615845252879e-01 -2.8734399096015622e+01 1.5853762098780538e+02 1.5652757843801680e+02 4.2467009807415407e-01
5.6799999999999997e+00 6.7802937302703881e-01 1.0070539900878706e+00 1.3563079412137086e-01 2.0956368907330940e+01 -8.8029270876635057e-01 5.8261056927939037e-03 1.9278503670190002e+01 2.5594427517220879e+01 9.6655862109072377e-01 1.1590131160537549e+01 -2.1682642782482300e-02 5.5298485912808240e-02 5.8673387474343867e-03 5.2503724495058723e-01 1.2157702985784130e-01 3.9795344758490864e-01 -2.7639330259415082e+01 1.5324678418826738e+02 1.5652760146970320e+02 4.2464539657845307e-01
5.7000000000000002e+00 6.7943461991648968e-01 1.0055036947301337e+00 1.3567965747878805e-01 2.0939792958450369e+01 -8.3682328068076306e-01 7.8345134692738329e-03 1.9228057318978003e+01 2.5591193767266532e+01 9.6572848236758524e-01 1.1487906208426814e+01 -2.2312767982945819e-02 5.5474858596241683e-02 5.9477348969475810e-03 5.3661887925075547e-01 1.2247495654626146e-01 4.0589311461614486e-01 -2.6974473618543716e+01 1.5588158466111582e+02 1.5652764651736558e+02 4.2462519311243474e-01
5.7200000000000006e+00 6.8081184466170475e-01 1.0043889394316032e+00 1.3604041166211836e-01 2.0706194268829147e+01 -8.1960109267023828e-01 7.4560845415915164e-03 1.9215272168582715e+01 2.5582990927825115e+01 9.6703655688114576e-01 1.1658659354563149e+01 -2.3052358156650379e-02 5.5527745390456039e-02 6.0297105618462125e-03 5.4593911610872259e-01 1.2337779117984521e-01 4.1394779813483368e-01 -2.9165433159840703e+01 1.5548758445100520e+02 1.5652763854491477e+02 4.2461865939709825e-01
5.7400000000000002e+00 6.8179636208228256e-01 1.0047626228158264e+00 1.3612054489398448e-01 2.0692391211675279e+01 -8.8820175121846867e-01 6.9420782135210827e-03 1.9144521058419112e+01 2.5573521106103396e+01 9.6875176473178493e-01 1.1560921049342856e+01 -2.3327274044402817e-02 5.5730519133799936e-02 6.1133873384331561e-03 5.5119562086276974e-01 1.2428788197738928e-01 4.2300024681468790e-01 -2.8073781300578570e+01 1.5303629154796278e+02 1.5652761933223786e+02 4.2461174357883491e-01
5.7599999999999998e+00 6.8175120019679736e-01 1.0053824061778618e+00 1.3625017182561996e-01 2.0257209705387218e+01 -8.3763985875384939e-01 7.7995725432524962e-03 1.9067438563534317e+01 2.5564346498296032e+01 9.6936035049737990e-01 1.1379052202886482e+01 -2.3774306145032988e-02 5.6470800730766303e-02 6.1990835637953665e-03 5.6325966006690098e-01 1.2520122836580691e-01 4.3516766267754209e-01 -2.7381033394894605e+01 1.5255864908858294e+02 1.5652759122115643e+02 4.2458579862678791e-01
5.7799999999999994e+00 6.8064059362386087e-01 1.0056076197273407e+00 1.3602545265024629e-01 2.0357727205528548e+01 -8.1233714886581454e-01 6.1554521290277942e-03 1.9002682432287390e+01 2.5556739504259664e+01 9.6791459234283428e-01 1.1399728701230924e+01 -2.4107763528967780e-02 5.7047821858709921e-02 6.2875183201855948e-03 5.7839045480508700e-01 1.2612104096237586e-01 4.4874752819841945e-01 -2.9154912630790598e+01 1.5302037888345072e+02 1.5652757262320918e+02 4.2453346183261048e-01
5.7999999999999998e+00 6.8297841989307306e-01 1.0063316860415319e+00 1.3662937999815777e-01 2.0226380870737525e+01 -8.8961851189428176e-01 6.2580441603325900e-03 1.8959566246020312e+01 2.5550959130193782e+01 9.6644089669239897e-01 1.1328038968999092e+01 -2.4588322333799546e-02 5.7188808108870504e-02 6.3783560254396018e-03 5.8870367189345829e-01 1.2704415761442392e-01 4.5830412638390450e-01 -2.9484786591135080e+01 1.6157850975668921e+02 1.5652756877022262e+02 4.2446821346219060e-01
5.8200000000000003e+00 6.8271061427939927e-01 1.0064027537073950e+00 1.3647243990350075e-01 2.0575049806872421e+01 -8.6311983216933041e-01 7.6558672544391939e-03 1.8933138391148486e+01 2.5542886029853118e+01 9.6551946655134702e-01 1.1379422494760602e+01 -2.4914631296627118e-02 5.7260087963779537e-02 6.4705729639108070e-03 5.9473685132502652e-01 1.2796990294979757e-01 4.6265319537214977e-01 -2.9935669425751666e+01 1.6460067571308792e+02 1.5652757367799842e+02 4.2442801766619703e-01
5.8399999999999999e+00 6.8387472833219964e-01 1.0070418592785924e+00 1.3664520420019205e-01 2.0157525148414159e+01 -7.7973586748476287e-01 8.1862535065663176e-03 1.8993751651595939e+01 2.5530317801399086e+01 9.6705603548067520e-01 1.1342696240958553e+01 -2.5447948532408022e-02 5.7387673017520978e-02 6.5635908102757278e-03 6.0884592368334745e-01 1.2890436436268299e-01 4.7043438079486949e-01 -2.9270219436309162e+01 1.6110001099384442e+02 1.5652756612092216e+02 4.2442147348223536e-01
5.8600000000000003e+00 6.8467006516920048e-01 1.0060958812715179e+00 1.3678954007527772e-01 2.0161632706244127e+01 -8.4381825784609588e-01 7.5236626691122990e-03 1.8954407336309988e+01 2.5519087815255162e+01 9.6898607732113573e-01 1.1339168472087579e+01 -2.5665795643233163e-02 5.7798475287937578e-02 6.6590289299814295e-03 6.1910972121954577e-01 1.2985958759817359e-01 4.8352486133965478e-01 -2.7517858460406519e+01 1.5477446703035764e+02 1.5652758103989845e+02 4.2442007456441266e-01
5.8799999999999999e+00 6.8291908144013758e-01 1.0048192848693713e+00 1.3655217446446427e-01 2.0281969406427685e+01 -8.1358107750312014e-01 6.8191997776991999e-03 1.8848057883690803e+01 2.5512320730343003e+01 9.6679708617182047e-01 1.1462698084358362e+01 -2.6147849638969718e-02 5.8218791997400862e-02 6.7569612400969177e-03 6.3360471883872460e-01 1.3083217356993085e-01 4.9524695593763224e-01 -2.8192034249504577e+01 1.5578326305176802e+02 1.5652761477594782e+02 4.2440426412453652e-01
5.9000000000000004e+00 6.8309026632680969e-01 1.0042247031871310e+00 1.3633010940997797e-01 2.0049542247904107e+01 -8.0780963189495858e-01 9.0290330674007956e-03 1.8781370215322156e+01 2.5504543821421201e+01 9.6835637155302878e-01 1.1324381527610864e+01 -2.6967105809105902e-02 5.8661230146488108e-02 6.8570767352651441e-03 6.4716449685917676e-01 1.3181740581399651e-01 5.0571321577738726e-01 -2.8332238550480177e+01 1.4691694079535705e+02 1.5652762225220067e+02 4.2439007375053583e-01
5.9199999999999999e+00 6.8667276549334200e-01 1.0046440564151056e+00 1.3688877835742302e-01 2.0026104951577988e+01 -8.4730611038251358e-01 8.8470608398682829e-03 1.8756257719513943e+01 2.5497006224865096e+01 9.6954531370183150e-01 1.1391163094936193e+01 -2.7828284052072511e-02 5.9185936872347002e-02 6.9593805582951074e-03 6.5946145068819051e-01 1.3281126906826785e-01 5.1886173812546454e-01 -3.0248536406561417e+01 1.5119660150592247e+02 1.5652763227797632e+02 4.2437253211348891e-01
5.9399999999999995e+00 6.8670459004502227e-01 1.0051410551153654e+00 1.3707980263039493e-01 2.0136043789902686e+01 -8.2113614709784033e-01 7.8939254556412222e-03 1.8811407805443061e+01 2.5493042492217764e+01 9.6889029628805190e-01 1.1342996808916691e+01 -2.8472436428289748e-02 5.9816385225876109e-02 7.0646717577012340e-03 6.6759682370801077e-01 1.3381699695626173e-01 5.3285979545684214e-01 -2.9018820141634837e+01 1.5178594781830390e+02 1.5652761838665040e+02 4.2434022615850198e-01
5.9600000000000000e+00 6.8717047504596440e-01 1.0047013450165723e+00 1.3697784723684489e-01 1.9969681242620680e+01 -8.9762104920469177e-01 8.0142456673946896e-03 1.8858539643284981e+01 2.5490777383919220e+01 9.6807568311209025e-01 1.1350348080605363e+01 -2.8788115981416163e-02 6.0537422779692908e-02 7.1724532480844979e-03 6.8292970420846366e-01 1.3483664099183121e-01 5.4532204434611298e-01 -2.9437252974502179e+01 1.4887660526698437e+02 1.5652758619257023e+02 4.2428893217638269e-01
5.9799999999999995e+00 6.8810184531707441e-01 1.0050108632109367e+00 1.3716778196826052e-01 1.9841058278568390e+01 -8.3121622926045935e-01 9.3263141731406950e-03 1.8887412536475018e+01 2.5488739191296787e+01 9.6690060081911589e-01 1.1304345997420626e+01 -2.9417169699831269e-02 6.1000135781020225e-02 7.2827947444838838e-03 6.9816664217755031e-01 1.3587651269113160e-01 5.5784574510279095e-01 -2.7103539278639033e+01 1.4698227391265391e+02 1.5652756260062796e+02 4.2424116118162730e-01
6.0000000000000000e+00 6.8791397806627397e-01 1.0061224411273666e+00 1.3733871054908370e-01 1.9730194557647661e+01 -7.9352405781086732e-01 7.3851511348802202e-03 1.8896634327361799e+01 2.5490244578916265e+01 9.6813737943447120e-01 1.1184478843238391e+01 -2.9842681520211401e-02 6.1848727869531772e-02 7.3955915461256187e-03 7.1060394585264830e-01 1.3693298489272970e-01 5.6398400820868722e-01 -2.7752064244606593e+01 1.4906400832906178e+02 1.5652754758851171e+02 4.2419596110208813e-01
